RequestID,ArrivalTime,CompletionTime,InputTokens,OutputTokens,Latency,TTFT,TPOT,Success,QueueingDelay,SendCount
159,1781852308.821697,1781852936.305313,3178,23,72.145468,54.546506,0.799953,True,555.338148,1
244,1781852308.824201,1781853492.681920,3147,21,83.347054,5.891619,3.872772,True,1100.510665,1
584,1781852308.834135,1781855709.851014,3118,19,204.387084,171.445954,1.830063,True,3196.629796,1
414,1781852308.829171,1781855512.313052,1035,183,1115.161524,8.008339,6.083259,True,2088.322356,3
160,1781852308.821727,1781853612.340239,2428,508,728.570598,27.743757,1.382301,True,574.947914,1
245,1781852308.824232,1781853611.273520,3164,19,201.560086,162.177849,2.187902,True,1100.889202,1
585,1781852308.834164,1781855541.948215,1008,39,32.350414,1.378007,0.815063,True,3200.763637,1
415,1781852308.829202,1781854815.425036,892,79,409.294529,0.000000,5.247366,True,2097.301306,2
161,1781852308.821754,1781852967.752038,7125,26,72.486981,66.749448,0.229501,True,586.443304,1
246,1781852308.824260,1781854175.667395,10704,346,760.347791,29.111409,2.119526,True,1106.495343,2
162,1781852308.821780,1781854252.721726,2392,621,1349.477248,2.603179,2.172378,True,594.422698,3
247,1781852308.824288,1781854377.720514,9359,339,954.486204,102.942225,2.519361,True,1114.410022,2
417,1781852308.829256,1781854651.829816,7364,3,124.832032,114.926367,4.952833,True,2218.168528,1
163,1781852308.821812,1781854200.853231,8619,593,1297.554724,11.858954,2.171783,True,594.476695,3
248,1781852308.824320,1781853451.799142,6165,3,17.297316,16.737729,0.279793,True,1125.677506,1
588,1781852308.834251,1781855628.464610,4174,24,110.464520,7.552108,4.474453,True,3209.165840,1
418,1781852308.829286,1781855658.378364,3954,298,1131.368883,0.000000,3.809323,True,2218.180195,2
164,1781852308.821842,1781854277.656106,2885,613,1374.345948,12.219094,2.225697,True,594.488315,3
249,1781852308.824348,1781853705.443372,3301,19,270.857251,229.796916,2.281130,True,1125.761773,1
589,1781852308.834278,1781855781.501904,3130,20,263.121780,225.128451,1.999649,True,3209.545846,1
419,1781852308.829314,1781854741.345103,6272,3,214.324118,210.819291,1.752414,True,2218.191671,1
165,1781852308.821872,1781853017.142829,7294,3,110.040066,74.226671,17.906698,True,598.280891,1
250,1781852308.824378,1781854289.711363,5100,413,855.031307,24.139245,2.016728,True,1125.855678,2
590,1781852308.834305,1781855542.224348,7396,3,9.053727,8.496605,0.278561,True,3224.336316,1
420,1781852308.829341,1781854672.968997,3137,21,145.936497,106.312330,1.981208,True,2218.203158,1
166,1781852308.821899,1781852936.999906,6911,24,24.001125,18.646778,0.232798,True,604.176882,1
251,1781852308.824407,1781853669.680804,6641,28,225.007450,179.653942,1.679760,True,1135.848946,1
591,1781852308.834335,1781855566.316655,6166,25,24.359503,7.013026,0.722770,True,3233.122817,1
421,1781852308.829372,1781854633.440869,7023,3,106.397819,64.906149,20.745835,True,2218.213678,1
167,1781852308.821927,1781853551.500883,11527,373,632.312701,82.454311,1.478114,True,610.366255,1
252,1781852308.824453,1781853583.482001,6172,3,138.498562,138.029639,0.234462,True,1136.158986,1
422,1781852308.829400,1781854681.771167,6624,27,154.716363,93.888246,2.339543,True,2218.225404,1
168,1781852308.821954,1781853138.585274,8552,3,219.095386,218.533205,0.281090,True,610.667934,1
253,1781852308.824482,1781853792.455856,976,237,340.648929,1.299684,1.437921,True,1142.982445,1
423,1781852308.829440,1781854659.095127,6167,3,132.028766,131.479217,0.274775,True,2218.236921,1
169,1781852308.821980,1781853176.025823,1729,31,256.401165,198.488504,1.930422,True,610.802677,1
254,1781852308.824518,1781854044.576715,6613,4,591.271826,0.000000,197.090609,True,1144.480371,2
424,1781852308.829472,1781855259.126403,3132,16,732.048456,0.000000,48.803230,True,2218.248475,2
170,1781852308.822007,1781854066.747697,1087,505,1138.674208,9.880675,2.239670,True,619.251482,3
255,1781852308.824547,1781853475.395552,6180,3,14.213363,10.335687,1.938838,True,1152.357643,1
595,1781852308.834460,1781855622.098754,2971,14,58.384154,32.449682,1.994959,True,3254.880140,1
425,1781852308.829500,1781854841.580662,7005,3,314.492297,312.173783,1.159257,True,2218.258865,1
171,1781852308.822033,1781853083.248183,7043,36,155.041663,110.891257,1.261440,True,619.384487,1
256,1781852308.824574,1781853491.851577,3127,17,27.082321,10.069116,1.063325,True,1155.944682,1
596,1781852308.834496,1781855743.909629,3107,24,179.906972,120.229132,2.594689,True,3255.168161,1
426,1781852308.829527,1781855841.803540,9412,555,1314.705027,106.246406,2.181333,True,2218.268986,2
172,1781852308.822060,1781854121.649896,12000,529,1193.347056,46.466411,2.172122,True,619.480780,3
257,1781852308.824603,1781853772.235463,2187,186,296.833100,2.572772,1.590596,True,1166.577761,1
597,1781852308.834523,1781855594.806468,3932,22,28.478914,4.523445,1.140737,True,3257.493031,1
173,1781852308.822089,1781853043.930019,4490,16,107.619824,65.332248,2.819172,True,627.488106,1
258,1781852308.824631,1781853503.935585,3254,22,24.750686,7.712356,0.811349,True,1170.360268,1
428,1781852308.829582,1781855901.984287,5240,534,1356.536365,227.133147,2.118955,True,2236.618341,2
174,1781852308.822116,1781853336.386576,8520,232,399.378875,79.973766,1.382706,True,628.185585,1
259,1781852308.824659,1781853657.357512,6863,45,177.305540,127.547172,1.130872,True,1171.227313,1
429,1781852308.829609,1781854673.118261,7192,3,127.515068,127.040344,0.237362,True,2236.773584,1
175,1781852308.822142,1781853487.315285,1206,223,549.263575,50.489187,2.246731,True,629.229568,2
260,1781852308.824687,1781853495.114949,3161,16,7.793826,3.651886,0.276129,True,1178.496437,1
600,1781852308.834605,1781855716.127041,6668,3,133.618001,133.055467,0.281267,True,3273.674435,1
430,1781852308.829637,1781854561.036395,6172,3,11.865805,11.402908,0.231448,True,2240.340953,1
176,1781852308.822169,1781853093.276072,3151,25,148.319191,141.685981,0.276384,True,636.134712,1
261,1781852308.824714,1781853712.829110,6167,3,220.969784,220.415697,0.277043,True,1183.034612,1
431,1781852308.829664,1781854573.552584,6587,3,12.515407,12.052901,0.231253,True,2252.207513,1
177,1781852308.822195,1781853052.685556,6777,25,103.593093,91.691781,0.495888,True,640.270268,1
262,1781852308.824742,1781853518.984617,7883,3,27.082699,20.992517,3.045091,True,1183.077176,1
432,1781852308.829691,1781855518.372415,2787,415,944.813098,5.162535,2.269687,True,2264.729626,2
178,1781852308.822222,1781854126.692500,8487,307,1165.908708,0.000000,3.810159,True,651.961570,3
263,1781852308.824773,1781855266.677555,1383,722,1773.989864,2.742282,2.456654,True,1183.862918,3
433,1781852308.829720,1781854804.769855,6201,30,221.546986,189.358172,1.109959,True,2274.393150,1
179,1781852308.822248,1781853625.099591,13689,358,657.344742,124.858128,1.491559,True,658.932601,1
264,1781852308.824800,1781853504.072561,6454,3,8.946763,7.285272,0.830745,True,1186.300997,1
604,1781852308.834742,1781855814.127190,7077,3,212.851917,212.286013,0.282952,True,3292.440531,1
434,1781852308.829750,1781854931.344792,6785,28,323.334603,276.948565,1.718001,True,2299.180438,1
180,1781852308.822275,1781853046.188809,6268,24,78.351905,72.947285,0.234983,True,659.014629,1
265,1781852308.824828,1781853549.180612,3151,19,53.918257,8.393099,2.529175,True,1186.437527,1
605,1781852308.834773,1781855860.643482,1000,125,242.026047,65.614311,1.422675,True,3309.782662,1
435,1781852308.829777,1781854720.771855,6845,33,87.325240,10.215866,2.409668,True,2324.616838,1
181,1781852308.822304,1781852998.493817,6176,3,17.721893,17.160936,0.280478,True,671.949620,1
266,1781852308.824855,1781855250.491765,1902,720,1754.348641,3.610750,2.434962,True,1187.318269,3
0,1781852308.816651,1781852474.175375,9013,3,164.589964,18.890182,72.849891,True,0.768760,1
182,1781852308.822336,1781853012.461811,6555,3,21.396312,20.833735,0.281289,True,682.243163,1
267,1781852308.824886,1781854266.070688,6554,254,769.771720,111.300171,2.602654,True,1187.474082,2
607,1781852308.834831,1781855686.969524,3147,21,64.859969,5.890718,2.948463,True,3313.274724,1
437,1781852308.829831,1781855580.208856,903,171,946.389244,10.942063,5.502630,True,2324.989780,2
1,1781852308.816810,1781853751.227764,7322,490,1441.632316,10.524398,2.926601,True,0.778638,3
183,1781852308.822366,1781853047.823996,6412,27,49.324432,24.569879,0.952098,True,689.677199,1
268,1781852308.824913,1781853543.528475,6621,3,39.588131,32.279883,3.654124,True,1195.115430,1
608,1781852308.834857,1781855821.817976,6557,3,196.344720,195.776221,0.284250,True,3316.638398,1
438,1781852308.829859,1781854658.776079,6873,3,24.864581,17.869497,3.497542,True,2325.081639,1
184,1781852308.822395,1781853041.007011,3195,15,36.401813,18.464300,1.281251,True,695.782804,1
269,1781852308.824943,1781853519.213144,6193,3,15.136802,14.581368,0.277717,True,1195.251399,1
609,1781852308.834885,1781855642.081509,7268,3,13.615117,13.148326,0.233396,True,3319.631507,1
439,1781852308.829893,1781854680.506232,6169,28,37.374138,11.336116,0.964371,True,2334.302201,1
185,1781852308.822436,1781853082.645591,3158,22,70.182025,32.012460,1.817598,True,703.641130,1
270,1781852308.824970,1781854362.645635,2016,302,858.516645,17.011064,2.795700,True,1195.304020,2
186,1781852308.822468,1781853415.308838,3535,228,398.159231,35.299469,1.598501,True,708.327140,1
271,1781852308.825001,1781853734.946130,5682,35,225.536527,189.248361,1.067299,True,1200.584601,1
611,1781852308.834939,1781855699.845590,3124,17,57.757265,5.757969,3.249956,True,3333.253386,1
187,1781852308.822499,1781853161.765139,6777,39,144.461213,110.215995,0.901190,True,708.481427,1
272,1781852308.825032,1781853649.673614,6411,27,130.680217,101.459569,1.123871,True,1210.168365,1
612,1781852308.834965,1781855855.659556,6169,3,210.447747,203.288473,3.579637,True,3336.376843,1
442,1781852308.829975,1781855780.739766,3142,398,1121.639987,338.673915,1.972207,True,2350.269805,2
188,1781852308.822526,1781853672.433140,9227,161,648.472214,0.000000,4.052951,True,715.138400,2
273,1781852308.825059,1781853579.241081,7077,35,60.020149,9.807549,1.476841,True,1210.395872,1
613,1781852308.834993,1781855781.422879,3210,23,133.485193,67.587277,2.995360,True,3339.102693,1
443,1781852308.830005,1781854714.818526,4023,19,55.143005,20.671843,1.915065,True,2350.845516,1
189,1781852308.822552,1781854754.595531,897,575,1723.331198,0.000000,3.002319,True,722.441780,4
274,1781852308.825087,1781854325.498546,7718,191,797.712620,220.730072,3.036750,True,1218.960840,2
614,1781852308.835024,1781855765.622168,9023,3,107.237998,106.671206,0.283396,True,3349.549147,1
444,1781852308.830032,1781854763.497339,6168,26,90.527686,47.708321,1.712775,True,2364.139621,1
190,1781852308.822579,1781853055.133852,6170,3,14.118053,13.559795,0.279129,True,732.193220,1
275,1781852308.825114,1781853569.823740,6165,23,40.649036,13.800267,1.220399,True,1220.349590,1
445,1781852308.830059,1781854727.304498,6619,3,54.178475,53.701145,0.238665,True,2364.295964,1
191,1781852308.822609,1781853808.994020,15454,338,765.053223,239.352740,1.559942,True,735.118188,1
276,1781852308.825141,1781853546.949557,6956,3,13.079934,12.614198,0.232868,True,1225.044482,1
446,1781852308.830086,1781854744.867609,6565,25,71.709532,7.519557,2.674582,True,2364.327991,1
192,1781852308.822635,1781853094.645843,3132,24,48.454297,12.155007,1.578230,True,737.368911,1
277,1781852308.825168,1781853578.826854,3185,24,35.297701,3.724683,1.372740,True,1234.703985,1
617,1781852308.835106,1781855767.527520,6800,26,80.556121,12.635316,2.716832,True,3378.136293,1
447,1781852308.830113,1781854726.988688,2998,17,46.478689,5.604018,2.554667,True,2371.679886,1
193,1781852308.822671,1781853065.636865,7423,3,17.805131,15.464934,1.170099,True,739.009063,1
278,1781852308.825195,1781854659.666696,893,449,1112.708324,1.870857,2.479548,True,1238.133177,2
448,1781852308.830140,1781854754.141797,6167,26,72.634916,7.083588,2.622053,True,2372.676742,1
194,1781852308.822698,1781853093.947455,3122,21,41.256119,11.307137,1.497449,True,743.868638,1
279,1781852308.825222,1781853703.931026,7164,3,154.924567,154.364407,0.280080,True,1240.181237,1
449,1781852308.830171,1781855636.816413,7617,435,955.039475,15.364755,2.165149,True,2372.946767,2
195,1781852308.822724,1781853075.178191,7952,3,20.040608,19.480680,0.279964,True,746.314859,1
280,1781852308.825249,1781853564.432854,6991,3,15.249546,14.691168,0.279189,True,1240.358059,1
620,1781852308.835187,1781855730.694055,3210,18,22.270874,17.506238,0.280273,True,3399.587994,1
450,1781852308.830199,1781855436.996414,13742,304,750.408093,25.551587,2.392266,True,2377.758123,2
196,1781852308.822751,1781854233.153533,1895,456,1177.831370,10.215610,2.566188,True,746.499412,3
281,1781852308.825280,1781853699.663321,6889,28,148.154553,101.459934,1.729430,True,1242.683489,1
451,1781852308.830225,1781855399.736010,897,94,710.997190,309.034955,4.322175,True,2379.908594,2
197,1781852308.822778,1781853148.674464,6053,89,83.028848,16.162661,0.759843,True,756.822838,1
282,1781852308.825307,1781854545.598521,2717,359,981.161952,3.180074,2.731793,True,1255.611262,2
622,1781852308.835241,1781855806.776927,3126,23,90.697187,35.415242,2.512816,True,3407.244499,1
452,1781852308.830256,1781855582.503308,7736,347,884.720684,87.154966,2.305103,True,2388.952368,2
198,1781852308.822804,1781853302.596610,3126,20,235.477009,221.850485,0.717185,True,758.296797,1
283,1781852308.825334,1781854697.780897,11383,337,1128.552881,196.108933,2.775131,True,1260.402682,3
623,1781852308.835268,1781855794.181272,3376,17,78.046632,18.157346,3.743080,True,3407.299372,1
453,1781852308.830283,1781854901.993716,2968,22,187.676589,124.945341,2.987202,True,2405.486844,1
199,1781852308.822834,1781853169.146384,6288,3,93.959405,86.222946,3.868230,True,766.364145,1
284,1781852308.825361,1781853623.012591,7103,48,53.186136,8.171655,0.957755,True,1261.001093,1
624,1781852308.835295,1781855834.079267,3153,20,103.376059,8.606997,4.987845,True,3421.867913,1
454,1781852308.830310,1781854772.744471,7124,3,57.915143,37.251013,10.332065,True,2405.999017,1
200,1781852308.822864,1781854387.710582,5164,494,1305.059213,78.758642,2.487425,True,773.828505,3
285,1781852308.825392,1781853594.447555,3137,18,15.613919,3.633880,0.704708,True,1270.008244,1
625,1781852308.835326,1781855834.079060,3103,20,98.095277,6.710359,4.809733,True,3427.148457,1
626,1781852308.835354,1781855780.690922,6324,3,41.325296,33.074254,4.125521,True,3430.530272,1
201,1781852308.822891,1781853461.171315,3132,19,377.914276,0.000000,20.995238,True,774.434147,2
286,1781852308.825419,1781853611.112733,6787,28,31.868879,10.930114,0.775510,True,1270.418434,1
456,1781852308.830364,1781854804.849226,6179,36,77.851847,11.355694,1.899890,True,2418.167015,1
202,1781852308.822918,1781853480.041148,6648,4,386.754213,0.000000,128.918071,True,784.464017,2
287,1781852308.825465,1781853808.279618,895,133,224.793770,69.482769,1.176598,True,1274.660383,1
627,1781852308.835384,1781855821.635313,7078,3,77.719959,77.244715,0.237622,True,3435.079970,1
457,1781852308.830398,1781854787.882915,7294,3,60.567593,60.085453,0.241070,True,2418.484924,1
203,1781852308.822945,1781854381.576613,13183,566,1287.620353,58.218484,2.175933,True,785.133315,2
288,1781852308.825494,1781854488.338982,7446,319,904.842004,69.471656,2.626951,True,1274.671484,2
458,1781852308.830438,1781855846.513210,899,418,1107.367908,48.255341,2.539838,True,2430.314864,2
204,1781852308.822972,1781853756.463035,907,396,661.814448,62.732901,1.516662,True,785.825615,1
289,1781852308.825521,1781854752.163535,11954,463,1157.711179,14.029651,2.475501,True,1285.626835,3
629,1781852308.835457,1781855765.575285,7250,3,13.033720,8.333128,2.350296,True,3443.706108,1
459,1781852308.830470,1781854901.993721,6603,20,160.637479,114.883214,2.408119,True,2432.525773,1
205,1781852308.823001,1781853434.677304,6167,4,339.096382,0.000000,113.032127,True,786.757920,2
290,1781852308.825554,1781854385.884974,10938,248,776.463752,0.000000,3.143578,True,1300.595668,2
206,1781852308.823033,1781853178.918618,6662,24,78.334701,73.001832,0.231864,True,791.760884,1
291,1781852308.825582,1781854643.123300,1073,481,1032.003372,1.410778,2.147068,True,1302.294347,3
631,1781852308.835512,1781855766.110486,7011,3,13.328677,12.847667,0.240505,True,3443.946296,1
461,1781852308.830533,1781854754.324280,6654,3,7.984263,7.429688,0.277288,True,2437.509484,1
207,1781852308.823060,1781854549.159848,2158,604,1447.846397,16.799539,2.373212,True,792.490391,4
292,1781852308.825609,1781853669.528320,6454,3,58.244106,57.777467,0.233320,True,1302.458605,1
462,1781852308.830561,1781854938.127514,6174,32,185.955129,132.786369,1.715121,True,2443.341824,1
208,1781852308.823087,1781853176.025645,6757,3,65.598375,58.531219,3.533578,True,801.604183,1
293,1781852308.825636,1781853782.702699,7133,3,170.361712,169.894153,0.233780,True,1303.515350,1
463,1781852308.830588,1781854780.354061,6624,3,26.201446,7.435510,9.382968,True,2445.322028,1
209,1781852308.823117,1781853196.525593,6579,3,81.045148,80.578807,0.233170,True,806.657328,1
294,1781852308.825666,1781853739.007676,7011,53,125.599055,44.015427,1.568916,True,1304.582954,1
634,1781852308.835593,1781855780.928095,7941,3,15.296534,14.726311,0.285112,True,3456.795968,1
464,1781852308.830615,1781854819.092827,3100,21,64.762761,8.978461,2.789215,True,2445.499451,1
210,1781852308.823147,1781853148.628750,4195,21,29.818675,24.302026,0.275832,True,809.986928,1
295,1781852308.825693,1781854962.973734,1529,513,1340.004704,18.572953,2.580921,True,1314.143337,3
635,1781852308.835624,1781855781.815464,7553,3,15.699164,15.223658,0.237753,True,3457.280677,1
465,1781852308.830642,1781855601.273571,14434,385,846.675306,25.658605,2.138064,True,2445.767623,2
211,1781852308.823174,1781853444.667675,6172,28,316.588685,208.225688,4.013444,True,819.255816,1
296,1781852308.825721,1781854927.272736,979,427,1304.252564,142.316800,2.727549,True,1314.194451,3
636,1781852308.835650,1781855849.705147,7505,34,82.170833,27.819343,1.647015,True,3458.698663,1
212,1781852308.823200,1781854333.989712,11244,453,1195.400618,60.549336,2.510733,True,829.765893,3
297,1781852308.825748,1781854502.116858,15233,300,877.014590,103.175565,2.588090,True,1316.276521,2
467,1781852308.830705,1781854822.170014,6176,33,49.417746,26.249858,0.723996,True,2463.921563,1
213,1781852308.823227,1781854206.650159,896,439,1058.016666,50.504860,2.300255,True,839.810266,3
298,1781852308.825775,1781853704.298342,3065,16,54.617957,11.067629,2.903355,True,1340.854610,1
468,1781852308.830732,1781854827.739505,3355,20,47.379668,8.356428,2.053855,True,2471.529105,1
214,1781852308.823253,1781853453.295967,6180,30,304.610946,27.241368,9.564468,True,839.861768,2
299,1781852308.825805,1781854045.927137,7339,4,388.566876,0.000000,129.522292,True,1348.534456,2
639,1781852308.835734,1781855882.659057,3159,22,101.722143,16.402506,4.062840,True,3472.101180,1
469,1781852308.830760,1781854869.944851,6651,38,84.631698,10.782134,1.995934,True,2476.482393,1
215,1781852308.823287,1781853444.975454,9065,30,289.640501,197.539934,3.175882,True,846.511667,1
300,1781852308.825835,1781854102.180042,6486,34,441.372127,0.000000,13.374913,True,1351.982079,2
470,1781852308.830790,1781855550.424763,10275,269,762.534996,65.765542,2.599886,True,2479.058978,2
216,1781852308.823314,1781853355.812981,3119,15,200.088537,180.580156,1.393456,True,846.901130,1
301,1781852308.825863,1781853672.708358,6794,3,8.273683,7.716776,0.278453,True,1355.608812,1
471,1781852308.830817,1781854807.206086,7714,3,9.355371,8.798274,0.278548,True,2489.019898,1
217,1781852308.823344,1781854211.016104,914,387,1049.502858,15.517774,2.678718,True,852.689903,3
302,1781852308.825891,1781854608.006392,14315,364,938.626943,26.398421,2.513026,True,1360.553559,2
472,1781852308.830845,1781854900.820574,3172,22,96.039826,80.178152,0.755318,True,2495.949903,1
218,1781852308.823374,1781854139.689629,2986,436,977.916734,34.286310,2.169265,True,852.949522,2
303,1781852308.825922,1781854088.630260,3152,22,419.096026,0.000000,19.956954,True,1360.708312,2
219,1781852308.823401,1781853283.377105,6594,38,114.221888,0.000000,3.087078,True,860.331816,2
304,1781852308.825950,1781855318.270963,2103,508,1648.581396,112.545480,3.029657,True,1360.863617,3
474,1781852308.830899,1781854815.010183,6338,3,7.796235,7.244997,0.275619,True,2498.383049,1
220,1781852308.823444,1781853211.396281,7027,3,36.628062,36.158850,0.234606,True,865.944775,1
305,1781852308.825978,1781854093.441851,1341,128,421.004945,1.703093,3.301589,True,1363.610929,2
221,1781852308.823473,1781853409.711644,6326,3,234.636417,234.170055,0.233181,True,866.251754,1
306,1781852308.826005,1781854406.124690,4885,353,733.411450,6.781974,2.064288,True,1363.887235,2
476,1781852308.830953,1781855005.567701,6533,3,190.136889,189.580092,0.278398,True,2506.599859,1
222,1781852308.823500,1781853353.036153,7436,3,177.876479,161.144888,8.365796,True,866.336173,1
307,1781852308.826032,1781854068.638011,3341,23,388.491713,0.000000,17.658714,True,1371.320266,2
477,1781852308.830980,1781854827.925393,7277,3,8.829860,8.276280,0.276790,True,2510.264553,1
223,1781852308.823527,1781853205.576992,3133,19,29.548627,7.768312,1.210018,True,867.204838,1
308,1781852308.826063,1781854045.771535,7746,4,346.104230,0.000000,115.368077,True,1390.841242,2
648,1781852308.835988,1781855904.824381,3847,21,83.182215,78.553916,0.231415,True,3512.806177,1
478,1781852308.831007,1781854889.387746,4334,29,67.217033,31.484630,1.276157,True,2513.339706,1
224,1781852308.823554,1781853205.020130,3118,17,28.980092,7.756774,1.326457,True,867.216485,1
309,1781852308.826090,1781854052.110861,6312,4,348.173974,0.000000,116.057991,True,1395.110797,2
479,1781852308.831037,1781854900.978097,6179,3,73.908668,73.432051,0.238309,True,2518.238392,1
225,1781852308.823581,1781854466.372288,945,536,1287.449881,32.004711,2.346626,True,870.098826,2
310,1781852308.826117,1781853751.456792,6942,31,47.147453,17.002060,1.004846,True,1395.483222,1
480,1781852308.831064,1781855338.945694,979,140,511.202427,1.319350,3.668224,True,2518.912203,2
226,1781852308.823611,1781853569.224277,3024,111,384.170001,17.306930,3.335119,True,876.230666,2
311,1781852308.826147,1781854372.669091,4577,226,667.223948,0.000000,2.965440,True,1396.618996,2
651,1781852308.836070,1781855848.598164,6706,3,14.518409,7.531231,3.493589,True,3525.243685,1
227,1781852308.823642,1781853251.028089,6756,38,54.494745,26.887230,0.746149,True,887.709702,1
312,1781852308.826174,1781854686.582598,893,335,973.751582,0.000000,2.915424,True,1404.004842,3
652,1781852308.836099,1781855862.530781,6357,3,28.438962,21.375669,3.531647,True,3525.255719,1
482,1781852308.831122,1781854856.795672,6439,3,28.729984,28.173558,0.278213,True,2519.234566,1
228,1781852308.823669,1781853434.584619,7030,4,229.558651,0.000000,76.519550,True,896.202299,2
313,1781852308.826201,1781854827.065687,10116,509,1113.446524,37.005976,2.118977,True,1404.792962,3
653,1781852308.836127,1781855869.580626,6167,3,27.766296,20.615570,3.575363,True,3532.978203,1
483,1781852308.831149,1781854901.993532,3145,18,60.401787,18.530609,2.463010,True,2532.760596,1
229,1781852308.823696,1781853479.173946,7175,42,273.590147,0.000000,6.672930,True,896.760104,2
314,1781852308.826228,1781854828.060904,9271,306,1100.476679,10.818713,3.572649,True,1418.757997,3
484,1781852308.831175,1781854966.647630,4991,20,111.014549,54.259206,2.987123,True,2546.801905,1
230,1781852308.823722,1781854983.504516,15418,534,1656.490619,314.326275,2.518132,True,1018.190175,3
315,1781852308.826255,1781854062.408596,7083,25,327.459686,72.076243,10.640977,True,1426.122655,2
485,1781852308.831205,1781854869.806838,6673,3,13.000219,12.449443,0.275388,True,2547.975413,1
231,1781852308.823749,1781854212.314513,7833,374,885.288699,122.585151,2.044782,True,1018.202065,2
316,1781852308.826282,1781853771.960706,6895,3,32.947255,32.391173,0.278041,True,1430.187169,1
486,1781852308.831233,1781855896.477479,13630,510,1034.415048,23.758365,1.985573,True,2553.231199,2
232,1781852308.823775,1781854372.347451,1083,481,1045.309917,84.201210,2.002310,True,1018.213759,2
317,1781852308.826312,1781854065.549265,3146,17,314.312678,0.000000,19.644542,True,1442.410275,2
657,1781852308.836235,1781855877.453484,6270,3,21.792157,21.224023,0.284067,True,3546.825091,1
487,1781852308.831260,1781854916.621859,6710,3,46.812158,39.562988,3.624585,True,2560.978441,1
233,1781852308.823804,1781853495.251553,3918,20,168.203552,156.268794,0.628145,True,1018.224196,1
318,1781852308.826339,1781854785.309249,9921,356,1033.845728,32.297105,2.821264,True,1442.637182,3
488,1781852308.831289,1781854893.784072,6568,3,23.838547,23.281121,0.278713,True,2561.114236,1
234,1781852308.823832,1781855435.831228,13242,434,2108.772110,368.421714,4.019285,True,1018.235286,4
319,1781852308.826366,1781854059.655942,3225,20,303.186182,50.555274,13.296364,True,1447.643394,2
489,1781852308.831321,1781854920.049654,6704,3,30.659129,30.173928,0.242601,True,2580.559204,1
235,1781852308.823862,1781853434.491024,6171,3,107.420278,72.205599,17.607340,True,1018.246883,1
320,1781852308.826393,1781854277.813477,1176,120,516.741796,2.324851,4.322831,True,1452.245288,2
660,1781852308.836406,1781855896.522799,4015,18,26.937339,12.133265,0.870828,True,3560.749054,1
490,1781852308.831349,1781855261.783252,6700,25,368.505567,0.000000,15.354399,True,2584.446337,2
236,1781852308.823892,1781853660.797014,3964,18,333.714696,318.507246,0.894556,True,1018.258426,1
321,1781852308.826420,1781854059.274506,3218,16,293.475627,41.226341,16.816619,True,1456.972459,2
491,1781852308.831376,1781854928.411771,6677,26,34.619837,7.515215,1.084185,True,2584.960558,1
237,1781852308.823919,1781854329.438065,5654,442,1002.344383,122.517238,1.995073,True,1018.269762,2
322,1781852308.826464,1781854068.777538,4075,22,296.812968,0.000000,14.133951,True,1463.138105,2
492,1781852308.831402,1781854992.820506,3291,23,91.993025,36.333962,2.529957,True,2591.996078,1
238,1781852308.823946,1781853464.762412,6177,31,137.657195,101.861513,1.193189,True,1018.281271,1
323,1781852308.826493,1781854923.943416,1535,357,1151.701051,0.000000,3.235115,True,1463.415872,3
493,1781852308.831445,1781854966.328580,3018,18,65.345583,24.409899,2.407981,True,2592.151553,1
239,1781852308.823975,1781853496.288173,5939,15,159.890923,154.332324,0.397043,True,1027.573276,1
324,1781852308.826520,1781854088.021688,3131,18,305.310118,0.000000,17.959419,True,1473.885050,2
494,1781852308.831473,1781854949.053044,6171,33,47.048554,14.065821,1.030710,True,2593.173017,1
240,1781852308.824002,1781853527.783156,1085,75,174.742266,69.719397,1.419228,True,1044.216889,1
325,1781852308.826547,1781853802.222992,3152,18,17.536104,3.751305,0.810871,True,1475.860341,1
495,1781852308.831513,1781854933.906776,6417,27,31.890561,21.602330,0.395701,True,2593.184702,1
241,1781852308.824029,1781855563.998903,898,906,2208.178212,88.610327,2.342064,True,1046.996663,3
326,1781852308.826581,1781853808.471390,8450,19,16.009846,9.616246,0.355200,True,1483.634963,1
496,1781852308.831548,1781854941.789184,6714,3,39.762717,39.215373,0.273672,True,2593.194919,1
242,1781852308.824056,1781853409.327118,6810,3,27.148945,12.407613,7.370666,True,1073.354117,1
327,1781852308.826608,1781854086.261347,4073,25,293.336607,0.000000,12.222359,True,1484.098132,2
497,1781852308.831580,1781854949.053221,6180,3,32.427351,31.877664,0.274844,True,2607.794290,1
243,1781852308.824171,1781853583.482196,8099,3,188.729439,177.138766,5.795336,True,1085.928587,1
328,1781852308.826638,1781855287.078923,1577,579,1484.850148,1.937597,2.565593,True,1493.402137,4
498,1781852308.831613,1781854966.805836,3147,20,46.751427,10.966771,1.883403,True,2611.222796,1
329,1781852308.826674,1781855433.665253,1625,579,1625.380238,0.000000,2.812077,True,1499.458341,3
74,1781852308.819074,1781853174.761466,5391,361,864.359185,129.517901,2.041226,True,1.583207,1
499,1781852308.831641,1781855254.076701,7559,4,330.130279,0.000000,110.043426,True,2615.114782,2
330,1781852308.826701,1781855463.625161,6517,566,1655.142953,0.000000,2.929457,True,1499.655506,4
75,1781852308.819105,1781852864.151056,11041,98,553.738005,209.135943,3.552599,True,1.593946,1
500,1781852308.831671,1781855258.990340,3173,18,331.708763,81.730191,14.704622,True,2618.449906,2
331,1781852308.826728,1781854272.675309,6586,3,339.538590,338.982177,0.278207,True,1624.309990,1
76,1781852308.819132,1781852531.353021,6251,3,220.929462,174.978249,22.975606,True,1.604427,1
501,1781852308.831699,1781854965.850283,3170,20,37.430366,3.707168,1.774905,True,2619.588219,1
332,1781852308.826756,1781855647.926892,9550,713,1603.345415,18.331163,2.226144,True,1735.754722,3
77,1781852308.819159,1781853382.176349,6525,481,1071.741749,151.810563,1.916523,True,1.615441,1
502,1781852308.831726,1781854959.335868,7566,3,27.982318,20.535340,3.723489,True,2622.521824,1
35,1781852308.817929,1781852623.203954,3155,25,313.229342,106.771477,8.602411,True,1.156683,1
333,1781852308.826783,1781854482.589164,8770,121,436.815887,93.530874,2.860708,True,1736.946494,1
78,1781852308.819186,1781853496.136315,14081,522,1078.201672,26.220270,2.019158,True,109.115456,2
503,1781852308.831757,1781855691.785663,11850,382,757.870108,28.642335,1.913984,True,2625.083798,2
44,1781852308.818185,1781852521.380896,1053,26,211.307772,59.510254,6.071901,True,1.254939,1
334,1781852308.826810,1781855251.579571,6994,461,1205.651769,12.879159,2.592984,True,1737.100992,2
79,1781852308.819213,1781853101.302713,8974,219,683.357682,116.554090,2.600016,True,109.125818,2
53,1781852308.818465,1781852459.642855,3121,18,149.470051,90.798146,3.451289,True,1.354339,1
335,1781852308.826840,1781854397.140776,6521,26,345.021108,327.707769,0.692534,True,1743.292828,1
80,1781852308.819241,1781852585.399550,3135,16,167.370171,153.616456,0.916914,True,109.210139,1
26,1781852308.817647,1781854168.152791,6324,548,1858.278279,63.528847,3.281078,True,1.056865,4
336,1781852308.826870,1781854855.627273,13996,315,796.350941,109.948806,2.185994,True,1750.449462,1
81,1781852308.819273,1781852456.739727,6905,3,38.617601,29.981760,4.317921,True,109.302853,1
506,1781852308.831845,1781855288.808058,6173,33,339.752214,0.000000,10.617257,True,2640.223999,2
32,1781852308.817836,1781852418.156599,7111,3,108.214574,86.528463,10.843055,True,1.124189,1
337,1781852308.826897,1781854739.140564,898,286,679.473814,1.896196,2.377465,True,1750.839853,1
82,1781852308.819300,1781853305.795342,15761,417,887.661546,95.628098,1.903927,True,109.314496,2
507,1781852308.831872,1781855288.622479,6166,32,339.554753,0.000000,10.953379,True,2640.235855,2
33,1781852308.817868,1781852485.839959,3156,20,175.886344,99.086127,4.042117,True,1.135747,1
338,1781852308.826924,1781855806.856485,965,637,1744.437118,76.884828,2.621938,True,1753.592443,2
83,1781852308.819330,1781853622.965252,7543,415,1204.800148,124.135911,2.610300,True,109.345774,3
508,1781852308.831899,1781854994.713314,3154,24,35.366671,5.863591,1.282743,True,2650.514744,1
22,1781852308.817533,1781854714.315008,11339,848,2404.485539,71.371428,2.754562,True,1.011936,5
84,1781852308.819358,1781853664.431946,934,421,1229.271156,107.140250,2.671740,True,126.341432,3
509,1781852308.831926,1781855393.669562,1661,93,430.690015,2.049807,4.659133,True,2654.147621,2
24,1781852308.817590,1781852466.266219,3176,19,156.413774,99.187165,3.179256,True,1.034856,1
340,1781852308.826978,1781855339.779274,921,452,1273.025767,18.671768,2.781273,True,1757.926530,3
85,1781852308.819384,1781852553.309837,7011,3,96.566421,94.930607,0.817907,True,147.924032,1
510,1781852308.831952,1781854973.494343,6193,3,7.642259,7.089811,0.276224,True,2657.020132,1
29,1781852308.817736,1781852680.173732,7141,36,370.265096,98.467631,7.765642,True,1.090899,1
341,1781852308.827005,1781855514.877095,13538,480,1446.236318,219.908448,2.560183,True,1759.813772,3
86,1781852308.819412,1781853548.997700,2350,355,1089.348094,28.642644,2.996343,True,150.830194,3
511,1781852308.831979,1781855880.563633,12588,388,914.224186,0.000000,2.362336,True,2657.507468,2
47,1781852308.818274,1781853128.072101,3806,309,817.965994,106.639849,2.309500,True,1.287832,1
342,1781852308.827032,1781855395.383165,5095,476,1326.597910,23.026871,2.744360,True,1759.958222,3
87,1781852308.819458,1781852583.789822,3357,23,117.515873,28.736284,4.035436,True,157.454491,1
512,1781852308.832006,1781854980.242451,7059,3,13.586028,13.107533,0.239248,True,2657.824417,1
15,1781852308.817308,1781852761.770511,15172,80,452.021139,77.050050,4.746469,True,0.932064,2
343,1781852308.827058,1781855272.894569,6299,413,1186.622404,22.675772,2.825113,True,1777.445107,3
88,1781852308.819486,1781852531.353367,7307,3,57.169124,39.308075,8.930524,True,165.364756,1
344,1781852308.827089,1781855563.694686,6549,442,1475.662040,412.235760,2.411397,True,1779.205557,2
89,1781852308.819513,1781852780.476294,898,57,306.280446,39.296136,4.767577,True,165.376334,1
514,1781852308.832059,1781855272.621894,8532,38,299.126827,9.775184,7.820315,True,2664.663007,2
59,1781852308.818641,1781852485.746342,6188,3,175.508488,155.934043,9.787222,True,1.419213,1
90,1781852308.819540,1781852531.353361,7122,3,57.145862,39.284877,8.930493,True,165.387958,1
515,1781852308.832090,1781854998.217859,6172,29,17.966630,11.384761,0.235067,True,2671.419138,1
66,1781852308.818847,1781852748.013820,6520,47,437.699198,129.605456,6.697690,True,1.495775,1
346,1781852308.827142,1781854150.626865,7306,25,57.174219,8.394979,2.032468,True,1784.625503,1
91,1781852308.819567,1781852531.658860,6484,3,46.168941,45.700990,0.233976,True,176.670352,1
516,1781852308.832116,1781855299.527484,14980,33,316.014100,0.000000,9.875441,True,2674.681268,2
3,1781852308.816910,1781852485.933062,3137,19,176.314497,55.978208,6.685349,True,0.801656,1
347,1781852308.827168,1781854681.501039,3213,27,579.313045,0.000000,22.281271,True,1793.360826,2
92,1781852308.819597,1781852557.913857,6165,3,72.412034,71.943579,0.234228,True,176.682226,1
68,1781852308.818903,1781853118.805274,12095,239,808.468075,145.893180,2.783928,True,1.518296,2
348,1781852308.827195,1781854169.384507,7168,36,64.522966,13.176490,1.467042,True,1796.034345,1
93,1781852308.819623,1781852534.548282,6345,3,48.800218,35.395050,6.702584,True,176.928440,1
518,1781852308.832170,1781855251.500145,3180,20,256.783946,0.000000,13.514945,True,2685.884030,2
2,1781852308.816871,1781852566.293068,6725,32,256.685914,34.796162,7.157734,True,0.790284,1
349,1781852308.827222,1781854633.810870,6169,4,523.264455,0.000000,174.421485,True,1801.719194,2
94,1781852308.819650,1781852818.785340,6608,29,332.984112,0.000000,11.892290,True,176.981578,2
519,1781852308.832196,1781855300.031976,6951,4,301.805284,0.000000,100.601761,True,2689.394496,2
55,1781852308.818520,1781854110.537603,10355,584,1800.343062,119.520314,2.883058,True,1.376021,4
350,1781852308.827249,1781854198.583446,7087,3,76.932917,66.735690,5.098613,True,1812.823281,1
95,1781852308.819676,1781854137.925623,13886,534,1652.081039,115.184892,2.883482,True,177.024908,4
520,1781852308.832222,1781855432.465787,5240,112,426.892556,0.000000,3.845879,True,2696.741009,2
70,1781852308.818957,1781852573.059562,3377,22,262.700968,129.561604,6.339970,True,1.539637,1
351,1781852308.827275,1781854196.165341,6214,3,69.471051,61.779109,3.845971,True,1817.867016,1
96,1781852308.819706,1781852566.151338,6237,3,80.294976,74.027513,3.133731,True,177.036655,1
58,1781852308.818608,1781852418.111572,6669,3,107.884544,106.490646,0.696949,True,1.408420,1
352,1781852308.827307,1781854355.773599,3134,21,217.842178,194.952265,1.144496,True,1829.104114,1
97,1781852308.819736,1781853254.661263,7935,376,768.720429,0.000000,2.049921,True,177.121098,2
522,1781852308.832374,1781855324.098616,6932,51,73.602046,61.914939,0.233742,True,2941.664196,1
353,1781852308.827340,1781854583.218086,7116,51,443.517690,393.102134,1.008311,True,1830.873056,1
98,1781852308.819764,1781852566.383937,6231,3,71.311307,70.744580,0.283364,True,186.252866,1
523,1781852308.832402,1781855716.077894,14314,57,464.569988,298.677998,2.962357,True,2942.675504,1
50,1781852308.818359,1781853529.170943,15366,344,1219.032500,175.417928,3.042608,True,1.320084,3
354,1781852308.827368,1781854533.269228,6449,3,391.051423,390.584655,0.233384,True,1833.390437,1
99,1781852308.819791,1781853394.745741,8429,439,880.601262,33.121297,1.934886,True,205.324688,2
524,1781852308.832469,1781855477.230659,7224,3,225.649549,225.186762,0.231393,True,2942.748641,1
355,1781852308.827394,1781854545.437144,6487,3,402.307940,401.842526,0.232707,True,1834.301810,1
100,1781852308.819821,1781853095.576212,3184,195,581.388551,20.311451,2.892150,True,205.367839,2
525,1781852308.832502,1781855349.034143,1060,60,94.950692,1.954584,1.576205,True,2945.250950,1
49,1781852308.818331,1781853017.295186,1110,240,707.167475,98.248568,2.547778,True,1.309380,1
356,1781852308.827438,1781854158.315623,6178,3,7.684964,7.119617,0.282674,True,1841.803221,1
101,1781852308.819856,1781853609.410326,8352,387,1088.119053,60.026840,2.663451,True,212.471418,3
48,1781852308.818302,1781852521.613457,6563,25,211.496665,107.476629,4.334168,True,1.298490,1
357,1781852308.827470,1781854179.329219,6221,25,21.008821,7.023532,0.582720,True,1849.492928,1
102,1781852308.819899,1781852692.913636,6717,4,171.528099,0.000000,57.176033,True,212.565638,2
18,1781852308.817394,1781853713.610349,6059,475,1403.826733,32.974723,2.892093,True,0.966221,3
358,1781852308.827501,1781854260.743580,6593,57,92.588820,7.537236,1.518778,True,1859.327259,1
103,1781852308.819929,1781852856.570700,7173,4,335.173424,0.000000,111.724475,True,212.577346,2
528,1781852308.832583,1781855447.385156,7083,3,185.597127,181.709455,1.943836,True,2952.955445,1
54,1781852308.818493,1781852514.140719,4115,24,203.956494,87.286699,5.072600,True,1.365732,1
359,1781852308.827530,1781854206.957397,3130,19,37.569145,5.883000,1.760341,True,1860.560723,1
104,1781852308.820070,1781852602.287196,3153,22,80.663005,47.869933,1.561575,True,212.804121,1
529,1781852308.832610,1781855618.613605,6706,36,351.932208,222.692591,3.692561,True,2957.848786,1
21,1781852308.817504,1781852485.489342,7460,3,175.670881,53.349786,61.160548,True,1.000957,1
360,1781852308.827557,1781855491.662040,5395,545,1315.987867,22.432462,2.377859,True,1866.846617,2
105,1781852308.820100,1781852623.204268,3136,20,91.845105,21.698600,3.691921,True,222.539063,1
530,1781852308.832637,1781855797.577894,6886,366,524.954172,7.772372,1.416936,True,2963.791086,1
31,1781852308.817798,1781852485.792679,4348,20,175.861200,71.269328,5.504835,True,1.113681,1
361,1781852308.827585,1781854212.728598,4210,20,33.528864,21.510027,0.632570,True,1870.372149,1
106,1781852308.820128,1781853509.403778,5922,542,978.033212,21.686962,1.767738,True,222.550438,1
531,1781852308.832664,1781855299.208066,7294,3,26.305718,15.488034,5.408842,True,2964.069683,1
28,1781852308.817704,1781852573.137334,3161,20,263.239927,76.448349,9.831136,True,1.079703,1
362,1781852308.827615,1781854233.291340,6686,25,53.956446,16.685570,1.552953,True,1870.507279,1
107,1781852308.820156,1781853211.008010,2651,366,679.626669,21.676094,1.802604,True,222.561184,1
532,1781852308.832690,1781855597.793803,6303,104,310.707122,48.249291,2.548134,True,2978.253991,1
69,1781852308.818930,1781853155.719695,1066,324,845.372280,138.545920,2.188317,True,1.528485,1
363,1781852308.827642,1781854225.067412,6164,3,28.900284,28.338554,0.280865,True,1887.339486,1
108,1781852308.820189,1781852693.066797,3153,27,161.397248,31.940264,4.979115,True,222.849360,1
533,1781852308.832720,1781855645.203017,7040,3,356.572784,356.012286,0.280249,True,2979.797514,1
42,1781852308.818129,1781853761.064687,5710,745,1451.013935,98.325618,1.818129,True,1.232623,1
364,1781852308.827669,1781854246.045942,3161,21,47.451758,5.958302,2.074673,True,1889.766515,1
109,1781852308.820218,1781852584.251640,3172,17,49.697587,18.330859,1.960420,True,225.733836,1
534,1781852308.832746,1781855884.704069,13712,394,595.885224,26.342680,1.449218,True,2979.986099,1
365,1781852308.827696,1781854242.928545,6522,26,42.073251,7.284502,1.391550,True,1892.027599,1
110,1781852308.820249,1781853175.072407,2133,347,640.383926,46.629655,1.716053,True,225.868231,2
535,1781852308.832773,1781855340.335903,6172,28,41.123080,18.318092,0.844629,True,2990.380051,1
72,1781852308.819011,1781853155.327106,898,324,844.946790,163.630225,2.109339,True,1.561305,1
366,1781852308.827723,1781855618.769824,4054,547,1412.112923,7.421261,2.572695,True,1897.829178,2
111,1781852308.820277,1781852938.049969,6358,29,384.971200,56.041468,11.747490,True,244.258492,2
536,1781852308.832799,1781855752.533675,10602,123,453.000460,295.175279,1.293649,True,2990.700416,1
27,1781852308.817676,1781852521.380888,6820,26,211.494682,59.697287,6.071896,True,1.068529,1
367,1781852308.827749,1781854227.910038,7256,3,20.943893,20.472677,0.235608,True,1898.138396,1
112,1781852308.820304,1781852837.903282,3222,20,284.586605,0.000000,14.978242,True,244.496374,2
537,1781852308.832826,1781855420.857000,6172,29,120.823269,63.596377,2.043818,True,2991.200906,1
41,1781852308.818102,1781852418.111274,6306,3,108.071812,80.387156,13.842328,True,1.221359,1
113,1781852308.820331,1781852679.637877,4042,20,121.719265,12.961749,5.724080,True,249.098281,1
538,1781852308.832851,1781855371.797254,7173,3,53.520538,45.353438,4.083550,True,3009.443865,1
73,1781852308.819038,1781852573.137325,3331,20,262.745362,138.501446,6.539153,True,1.572925,1
369,1781852308.827806,1781854224.927812,7214,3,12.604563,8.255738,2.174413,True,1903.495443,1
114,1781852308.820361,1781852856.665310,6854,4,290.507071,0.000000,96.835690,True,257.337878,2
539,1781852308.832881,1781855411.744199,4241,21,87.634763,47.216199,2.020928,True,3015.276555,1
43,1781852308.818156,1781852566.246359,6721,29,256.184076,90.908631,5.902694,True,1.244127,1
370,1781852308.827833,1781854289.620356,6679,33,76.886032,19.627006,1.789345,True,1903.906490,1
115,1781852308.820389,1781853067.108792,12159,238,500.855787,0.000000,2.113316,True,257.432616,2
540,1781852308.832910,1781855752.765985,6077,128,416.477783,49.647760,2.888425,True,3027.455291,1
37,1781852308.817988,1781852417.929063,6355,3,107.932323,59.586865,24.172729,True,1.178752,1
371,1781852308.827863,1781854289.202048,906,28,64.269471,7.800814,2.091432,True,1916.104714,1
116,1781852308.820416,1781852928.205915,6658,28,361.912127,0.000000,13.404153,True,257.473372,2
541,1781852308.832937,1781855349.173567,7490,3,10.225105,9.664979,0.280063,True,3030.115525,1
38,1781852308.818018,1781852583.184813,6198,39,273.177048,97.437926,4.624714,True,1.189747,1
372,1781852308.827890,1781855388.342331,4535,521,1163.264088,12.988112,2.212069,True,1916.250354,3
117,1781852308.820473,1781852928.299271,6165,26,361.910719,0.000000,14.476429,True,257.568079,2
71,1781852308.818984,1781853792.919900,2038,524,1482.550180,184.640457,2.481663,True,1.550736,3
373,1781852308.827920,1781854239.886273,6178,3,11.969487,11.498321,0.235583,True,1919.088865,1
118,1781852308.820500,1781852693.217060,3128,18,120.149837,5.651154,6.735217,True,264.246723,1
543,1781852308.832993,1781855363.072951,7491,3,23.288886,17.698355,2.795265,True,3030.951072,1
57,1781852308.818580,1781854142.207018,1477,615,1831.991430,175.340906,2.698128,True,1.397008,4
374,1781852308.827948,1781854302.359659,6735,3,69.198378,68.636066,0.281156,True,1924.333333,1
119,1781852308.820531,1781852597.350486,7379,3,24.210603,19.154390,2.528107,True,264.319351,1
544,1781852308.833019,1781855378.067117,7109,3,37.726410,30.547199,3.589605,True,3031.507689,1
375,1781852308.827975,1781855190.941243,3709,300,957.644154,8.796328,3.173404,True,1924.469114,3
120,1781852308.820558,1781852693.143088,2983,18,119.991788,9.414010,6.504575,True,264.330742,1
545,1781852308.833049,1781855363.213160,7334,3,14.174291,13.612656,0.280817,True,3040.205820,1
376,1781852308.828002,1781854298.375849,3247,20,58.488856,5.995989,2.762782,True,1931.058990,1
121,1781852308.820585,1781852727.797133,4232,22,154.501417,23.738444,6.226808,True,264.475131,1
546,1781852308.833076,1781855410.477135,6165,23,61.292879,37.190366,1.095569,True,3040.351180,1
67,1781852308.818875,1781852623.050127,7413,23,312.724441,163.684783,6.774530,True,1.506812,1
377,1781852308.828029,1781854302.768823,6167,26,59.836362,7.007845,2.113141,True,1934.104432,1
122,1781852308.820613,1781852919.617602,6169,26,336.428923,0.000000,13.457157,True,274.368067,2
547,1781852308.833106,1781855491.827768,1434,90,128.746119,23.292909,1.184868,True,3054.248544,1
16,1781852308.817337,1781853023.954093,9418,145,714.193684,49.965347,4.612697,True,0.943073,2
378,1781852308.828057,1781854257.679672,6169,3,11.622952,11.151427,0.235762,True,1937.228663,1
123,1781852308.820640,1781852856.760070,8077,4,272.962357,0.000000,90.987452,True,274.977073,2
548,1781852308.833133,1781855386.520410,6277,3,23.305552,14.708983,4.298284,True,3054.381725,1
62,1781852308.818732,1781853533.867804,1902,587,1223.597118,98.105541,1.920634,True,1.451954,1
379,1781852308.828084,1781854260.743262,6453,3,8.018659,7.457848,0.280406,True,1943.896519,1
124,1781852308.820667,1781853225.195081,4541,363,640.932450,0.000000,1.770532,True,275.441964,2
549,1781852308.833162,1781855451.063137,3139,23,79.260053,45.543417,1.532574,True,3062.969922,1
63,1781852308.818763,1781852967.830337,14041,227,657.548760,148.657714,2.251730,True,1.462813,1
380,1781852308.828114,1781854325.654770,4382,22,67.974545,8.152290,2.848679,True,1948.852111,1
125,1781852308.820702,1781854179.190969,10753,597,1593.789632,0.000000,2.674144,True,276.580636,4
550,1781852308.833190,1781855399.967338,3027,19,21.891440,11.507043,0.576911,True,3069.242708,1
45,1781852308.818212,1781852650.874066,6950,25,340.790643,81.357488,10.809715,True,1.265211,1
381,1781852308.828141,1781854311.859738,3215,20,51.110576,5.169291,2.417962,True,1951.921021,1
126,1781852308.820729,1781852818.705887,954,48,221.501686,1.951386,4.671283,True,288.383472,1
46,1781852308.818243,1781852418.018829,6785,3,107.924220,97.350940,5.286640,True,1.276366,1
382,1781852308.828251,1781855533.164861,1362,480,1272.403937,5.157463,2.645609,True,1951.932673,3
127,1781852308.820756,1781852650.874248,9389,3,53.516818,42.912167,5.302325,True,288.536674,1
552,1781852308.833243,1781855505.459157,6176,3,117.115016,116.650484,0.232266,True,3079.510898,1
14,1781852308.817279,1781853680.139366,12846,466,1370.400612,55.858147,2.826973,True,0.921475,3
383,1781852308.828281,1781854862.058642,13122,172,600.847257,87.648287,3.001164,True,1952.383104,2
128,1781852308.820786,1781853423.232489,12927,460,825.801023,25.303692,1.744003,True,288.610680,1
553,1781852308.833269,1781855599.623274,900,200,205.950987,1.287713,1.028459,True,3084.839019,1
65,1781852308.818821,1781852949.088691,9615,203,638.784878,138.589483,2.476215,True,1.484993,1
384,1781852308.828312,1781854277.813264,6175,3,11.733664,11.263192,0.235236,True,1957.251287,1
129,1781852308.820813,1781854261.207658,9242,633,1658.911615,0.000000,2.624860,True,293.475230,4
554,1781852308.833295,1781855418.258908,3383,21,22.869955,3.878062,0.949595,True,3086.555657,1
13,1781852308.817245,1781852650.636410,6166,24,340.909006,53.440560,12.498628,True,0.910158,1
385,1781852308.828340,1781854362.968015,6187,3,90.281954,89.724319,0.278818,True,1963.857721,1
130,1781852308.820843,1781852856.523576,7295,3,119.732296,67.949061,25.891617,True,427.970438,1
555,1781852308.833321,1781855735.980778,6175,28,336.240972,308.109152,1.041919,True,3090.906485,1
56,1781852308.818553,1781852435.158990,8772,1,124.954268,124.954144,0.000000,True,1.386169,1
386,1781852308.828371,1781854364.162280,4301,22,86.503414,7.523491,3.760949,True,1968.830495,1
131,1781852308.820873,1781852919.479062,4388,21,182.677039,138.814926,2.193106,True,427.981151,1
556,1781852308.833348,1781855410.061265,8395,3,10.226515,9.433149,0.396683,True,3091.001402,1
51,1781852308.818388,1781852534.686725,6598,26,224.536495,106.567208,4.718771,True,1.331842,1
387,1781852308.828402,1781854420.143386,6177,44,142.329425,19.077083,2.866334,True,1968.985559,1
132,1781852308.820903,1781852980.768154,6955,52,243.955112,119.516422,2.439974,True,427.992140,1
557,1781852308.833375,1781855752.767131,895,301,352.797117,9.669591,1.143758,True,3091.136638,1
52,1781852308.818419,1781852485.490086,7490,3,175.327902,110.404167,32.461868,True,1.343765,1
388,1781852308.828446,1781855336.280450,1372,427,1058.454640,19.065308,2.439881,True,1968.997364,2
133,1781852308.820930,1781853110.421321,8034,1,373.597923,373.597799,0.000000,True,428.002468,1
36,1781852308.817959,1781852514.186174,6166,23,204.200816,63.417980,6.399220,True,1.167399,1
389,1781852308.828479,1781854352.546954,7353,44,63.342069,8.012617,1.286731,True,1980.376406,1
134,1781852308.820956,1781852944.954740,8501,3,208.120550,200.690343,3.715104,True,428.013234,1
23,1781852308.817561,1781853175.149099,2012,354,865.307809,86.629250,2.205888,True,1.023728,2
390,1781852308.828507,1781855566.683948,10089,422,1277.055697,0.000000,3.033386,True,1980.799743,3
135,1781852308.820982,1781853491.896386,1424,290,755.051783,90.380745,2.299900,True,428.023620,2
560,1781852308.833475,1781855418.671419,3108,15,8.190552,4.318027,0.276609,True,3101.647391,1
30,1781852308.817765,1781852597.427891,3134,21,287.507202,81.520131,10.299354,True,1.102924,1
391,1781852308.828534,1781854633.673728,6166,4,343.951669,0.000000,114.650556,True,1980.893525,2
136,1781852308.821009,1781852856.523582,6639,3,119.667325,94.832975,12.417175,True,428.035249,1
40,1781852308.818074,1781852485.840041,3068,20,175.811796,99.011439,4.042124,True,1.210172,1
392,1781852308.828561,1781854311.675933,7056,3,13.294343,12.819534,0.237405,True,1989.553028,1
137,1781852308.821039,1781853185.046534,7259,34,448.178982,401.155639,1.424950,True,428.046513,1
562,1781852308.833530,1781855459.757613,6674,24,41.492918,7.577013,1.474605,True,3109.431165,1
25,1781852308.817618,1781852495.062149,3156,21,185.198764,80.563243,5.231776,True,1.045767,1
393,1781852308.828588,1781855670.666492,7911,511,1368.300954,0.000000,2.682943,True,1993.536950,3
138,1781852308.821066,1781852991.063717,6171,34,254.185262,208.027064,1.398733,True,428.057389,1
563,1781852308.833557,1781855464.013867,6171,27,45.337693,13.737706,1.215384,True,3109.842617,1
34,1781852308.817897,1781852521.287559,4186,24,211.323176,80.462311,5.689603,True,1.146486,1
394,1781852308.828616,1781854797.842916,6299,165,495.065313,7.146883,2.975112,True,1993.948987,2
139,1781852308.821092,1781853161.506401,3237,29,424.616944,381.223558,1.549764,True,428.068364,1
564,1781852308.833584,1781855433.285406,6527,3,12.417630,11.949367,0.234132,True,3112.034192,1
395,1781852308.828643,1781854418.846212,7190,26,107.167296,13.113474,3.762153,True,2002.850273,1
140,1781852308.821120,1781853765.790047,13616,492,1028.889331,223.779372,1.639735,True,428.079596,2
565,1781852308.833611,1781855708.412382,7984,3,275.935775,275.372257,0.281759,True,3123.642996,1
396,1781852308.828671,1781854319.567570,6251,3,7.700024,7.138669,0.280677,True,2003.038876,1
141,1781852308.821146,1781852856.760062,6918,3,119.847206,115.449363,2.198922,True,428.091709,1
17,1781852308.817365,1781852783.249989,13544,71,473.478000,76.573818,5.670060,True,0.954623,1
397,1781852308.828699,1781854893.274829,6809,196,573.705464,7.744508,2.902364,True,2010.740667,2
142,1781852308.821173,1781852856.523360,6648,3,119.599453,94.765222,12.417116,True,428.102733,1
567,1781852308.833668,1781855822.103251,7000,29,388.430302,309.835708,2.806950,True,3124.839281,1
64,1781852308.818791,1781852813.553253,6618,35,503.260839,183.329996,9.409731,True,1.473624,2
398,1781852308.828729,1781854342.219955,6857,3,16.710644,12.723199,1.993722,True,2016.680582,1
143,1781852308.821200,1781853115.469665,6635,3,367.450020,366.978888,0.235566,True,439.198445,1
568,1781852308.833694,1781855468.105026,3180,15,32.269077,10.991818,1.519804,True,3127.002254,1
19,1781852308.817441,1781852573.288013,3133,23,263.492776,59.855847,9.256224,True,0.977797,1
399,1781852308.828758,1781854415.961351,3157,20,90.304924,16.250024,3.897626,True,2016.827670,1
144,1781852308.821228,1781852919.179370,6472,26,157.405128,119.728889,1.507050,True,452.953015,1
569,1781852308.833721,1781855563.694869,7180,41,126.689405,12.913688,2.844393,True,3128.171743,1
20,1781852308.817475,1781853613.400795,5954,420,1303.594108,24.215858,3.053409,True,0.989213,3
400,1781852308.828785,1781855399.828186,1887,312,1070.379352,36.718054,3.323670,True,2020.620049,3
145,1781852308.821254,1781852849.731802,6256,3,69.250757,68.775529,0.237614,True,471.659790,1
60,1781852308.818678,1781852474.175368,6185,3,163.925569,106.496724,28.714422,True,1.431121,1
401,1781852308.828816,1781854746.331243,1309,111,412.336771,32.172405,3.456040,True,2025.165655,2
146,1781852308.821284,1781852883.765899,6580,23,100.512155,78.246890,1.012057,True,474.432460,1
571,1781852308.833774,1781855517.993274,6175,28,66.924342,11.105366,2.067369,True,3142.235158,1
61,1781852308.818705,1781853669.373706,3628,555,1359.113320,87.210502,2.295853,True,1.441680,3
402,1781852308.828844,1781855407.793087,11404,445,1065.565373,21.230672,2.352105,True,2033.398870,2
147,1781852308.821311,1781853004.596380,6182,34,191.035348,174.979911,0.486528,True,504.739722,1
572,1781852308.833801,1781855486.408520,3121,21,26.646076,3.558215,1.154393,True,3150.928643,1
39,1781852308.818046,1781852553.075897,6169,27,243.057934,86.452680,6.023279,True,1.199917,1
403,1781852308.828874,1781855666.193860,2520,549,1313.646095,3.035709,2.391625,True,2043.718892,3
148,1781852308.821337,1781852912.991007,3156,24,94.279358,62.791434,1.369040,True,509.890312,1
404,1781852308.828901,1781854633.903928,6689,4,278.119286,0.000000,92.706429,True,2046.955741,2
149,1781852308.821367,1781854143.118387,1322,514,1324.322469,296.202513,2.004132,True,509.974551,2
574,1781852308.833853,1781855491.000520,3230,22,26.980868,3.711654,1.108058,True,3155.185798,1
11,1781852308.817181,1781852417.928831,6506,3,108.222704,24.316660,41.953022,True,0.888946,1
405,1781852308.828928,1781854688.731052,906,29,326.080553,0.000000,11.645734,True,2053.821571,2
150,1781852308.821394,1781852895.263289,6178,3,57.358251,56.885610,0.236320,True,529.083644,1
575,1781852308.833880,1781855493.569602,6529,27,25.459695,7.372507,0.695661,True,3159.276028,1
12,1781852308.817212,1781853504.118294,915,355,1194.401572,34.686649,3.276031,True,0.899511,3
406,1781852308.828955,1781854432.106955,6167,4,69.128132,0.000000,23.042711,True,2054.149868,2
151,1781852308.821434,1781852907.095916,6247,3,57.358364,56.886449,0.235957,True,540.916118,1
9,1781852308.817120,1781854104.857734,7236,794,1795.173822,59.967320,2.188154,True,0.866792,2
407,1781852308.828982,1781854432.187350,7217,25,68.014352,13.386133,2.276176,True,2055.344016,1
152,1781852308.821474,1781852903.287882,6535,3,46.758713,32.157871,7.300421,True,547.707695,1
577,1781852308.833933,1781855486.089558,7074,3,8.662226,8.103776,0.279225,True,3168.593399,1
10,1781852308.817151,1781853225.734633,10498,402,916.040453,33.064204,2.201936,True,0.877028,2
408,1781852308.829009,1781854501.733466,7010,28,129.382138,0.000000,4.791931,True,2063.522319,2
153,1781852308.821519,1781852903.287874,6814,3,46.746785,32.146007,7.300389,True,547.719570,1
578,1781852308.833969,1781855752.859864,8848,225,266.761620,17.409012,1.113181,True,3177.264275,1
7,1781852308.817050,1781852597.195378,3121,20,287.533687,53.506186,12.317237,True,0.844641,1
409,1781852308.829036,1781855477.423555,7764,328,1104.753866,23.642281,3.306152,True,2063.840654,3
154,1781852308.821548,1781853784.685118,916,265,928.132449,281.470472,2.449477,True,547.731121,2
579,1781852308.833997,1781855509.587042,3155,21,23.167703,3.615415,0.977614,True,3177.585342,1
8,1781852308.817081,1781852474.174963,6253,3,164.502177,30.259383,67.121397,True,0.855704,1
410,1781852308.829063,1781855743.988356,1757,431,1366.266031,3.383744,3.169494,True,2068.893263,2
155,1781852308.821579,1781852928.067719,4021,20,71.493469,46.150689,1.333831,True,547.752671,1
5,1781852308.816981,1781853055.319418,4834,173,745.678781,35.663370,4.127997,True,0.823656,2
411,1781852308.829089,1781854431.877419,2960,16,50.294816,5.587691,2.980475,True,2072.753514,1
156,1781852308.821607,1781853031.255292,6192,3,174.587196,174.025380,0.280908,True,547.846490,1
6,1781852308.817018,1781853727.575553,6758,500,1417.923983,50.074278,2.741182,True,0.834552,3
412,1781852308.829117,1781854673.149925,6311,27,287.258275,18.117421,10.351571,True,2077.062534,2
157,1781852308.821639,1781852903.240696,7038,3,46.477030,45.434105,0.521462,True,547.942028,1
582,1781852308.834080,1781855625.471519,6511,3,133.635942,133.078894,0.278524,True,3183.001497,1
4,1781852308.816947,1781853100.579150,2290,316,790.949778,60.021842,2.320406,True,0.812426,1
413,1781852308.829144,1781855339.510105,14794,409,951.788775,27.851257,2.264553,True,2078.892185,2
158,1781852308.821670,1781852960.776963,6168,26,104.001356,45.422197,2.343166,True,547.953938,1
583,1781852308.834107,1781855739.359828,4316,221,245.789537,14.586564,1.050923,True,3184.736184,1
