RequestID,ArrivalTime,CompletionTime,InputTokens,OutputTokens,Latency,TTFT,TPOT,Success
0,1773662556.705874,1773662567.752104,374,44,22.090819,3.186853,0.439627,True
1,1773662578.277175,1773662594.655217,396,109,32.750367,3.155012,0.274031,True
2,1773662579.413333,1773662590.206737,879,55,21.565322,0.911711,0.382474,True
3,1773662580.256078,1773662583.640682,91,16,6.755547,1.577967,0.345172,True
4,1773662586.166859,1773662588.286999,91,16,4.230833,0.332165,0.259911,True
5,1773662588.260993,1773662604.491254,381,84,32.438967,0.639610,0.383125,True
6,1773662595.431561,1773662624.612427,1313,142,58.339830,2.391508,0.396797,True
7,1773662597.961283,1773662615.084366,388,84,34.230676,0.925218,0.401271,True
8,1773662598.388979,1773662601.340192,242,14,5.886754,0.402853,0.421839,True
9,1773662599.028965,1773662627.130634,209,152,56.185894,0.490381,0.368844,True
10,1773662600.205000,1773662625.402794,394,124,50.378083,0.514930,0.405391,True
11,1773662603.841460,1773662615.515339,394,59,23.327937,0.602712,0.391814,True
12,1773662604.617159,1773662634.686510,1315,174,60.129223,2.486023,0.333198,True
13,1773662609.435147,1773662628.427514,389,90,37.983503,0.536345,0.420755,True
14,1773662612.493948,1773662634.262460,415,106,43.521361,0.520140,0.409535,True
15,1773662613.858788,1773662616.199376,120,12,4.659600,0.336251,0.393032,True
16,1773662615.886744,1773662629.400800,369,74,27.011792,0.786570,0.359250,True
17,1773662621.136622,1773662653.813679,206,162,65.344579,0.361752,0.403620,True
18,1773662621.829127,1773662650.411239,1353,142,57.154660,1.446276,0.395095,True
19,1773662621.953629,1773662652.442552,197,152,60.970490,1.515037,0.393745,True
20,1773662627.001509,1773662656.220265,181,154,58.416534,0.359670,0.379457,True
21,1773662627.192576,1773662634.744549,388,54,15.096687,0.835296,0.269083,True
22,1773662645.668315,1773662675.516034,203,147,59.680496,0.372384,0.406220,True
23,1773662647.506159,1773662690.135151,126,194,85.236492,0.333203,0.439913,True
24,1773662649.022919,1773662666.287840,389,87,34.522335,0.676454,0.393557,True
25,1773662656.273915,1773662659.283114,91,16,6.010941,0.320688,0.379350,True
26,1773662659.099590,1773662685.850302,181,123,53.499974,0.373615,0.435462,True
27,1773662659.995513,1773662689.008174,191,217,58.011669,0.409230,0.266678,True
28,1773662661.413043,1773662705.332770,27,183,87.830001,0.276585,0.481063,True
29,1773662663.554090,1773662716.107195,203,217,105.096719,0.365828,0.484865,True
30,1773662663.579829,1773662674.054343,398,81,20.947819,0.934237,0.250170,True
31,1773662670.267908,1773662713.547821,126,172,86.550310,0.326561,0.504232,True
32,1773662671.677762,1773662716.976851,209,181,90.578316,0.547631,0.500170,True
33,1773662673.561047,1773662718.845689,209,181,90.555797,0.393889,0.500899,True
34,1773662677.435880,1773662705.091453,28,175,55.299388,0.251371,0.316368,True
35,1773662680.546063,1773662704.103755,437,88,47.093961,0.515777,0.535381,True
36,1773662681.178682,1773662708.565177,181,104,54.763170,0.500771,0.526819,True
37,1773662682.110864,1773662705.203238,203,138,46.183555,0.444766,0.333860,True
38,1773662682.821517,1773662728.837622,200,177,92.031013,0.342687,0.520956,True
39,1773662683.324905,1773662688.561530,91,16,10.469693,0.470013,0.666645,True
40,1773662686.289793,1773662824.773823,1087,401,276.946452,1.333849,0.689032,True
41,1773662687.977862,1773662704.527710,382,64,33.098409,0.505095,0.517354,True
42,1773662688.739218,1773662714.354345,412,102,51.208753,0.522297,0.501846,True
43,1773662689.009412,1773662745.395685,194,217,112.757181,0.695667,0.518803,True
44,1773662693.354917,1773662749.293008,203,217,111.858557,0.537903,0.515373,True
45,1773662694.466365,1773662750.092739,200,217,111.237163,0.329110,0.513463,True
46,1773662697.155569,1773662738.161955,64,174,82.008961,0.281235,0.472415,True
47,1773662698.470578,1773662721.865970,458,123,46.777558,0.956782,0.375580,True
48,1773662699.596768,1773662736.867107,1352,158,74.534896,2.595447,0.458213,True
49,1773662699.744349,1773662846.191833,874,404,292.893605,1.148993,0.723932,True
50,1773662700.526147,1773662714.888771,378,58,28.711883,0.871849,0.488422,True
51,1773662703.405098,1773662707.129062,91,16,7.446615,0.272637,0.478265,True
52,1773662707.611703,1773662730.518126,389,89,45.811680,0.604521,0.513718,True
53,1773662713.049374,1773662762.610626,212,183,99.101118,0.409993,0.542259,True
54,1773662714.806752,1773662826.783027,1085,394,223.934822,2.089520,0.564492,True
55,1773662715.504807,1773662753.327300,407,131,75.639284,2.472042,0.562825,True
56,1773662716.288653,1773662740.326208,396,82,48.073702,1.393619,0.576297,True
57,1773662718.647360,1773662876.008356,1029,399,314.720595,1.199325,0.787742,True
58,1773662722.883158,1773662835.798701,962,399,225.808039,1.914597,0.562546,True
59,1773662723.771543,1773662800.477738,203,217,153.395257,0.511103,0.707797,True
60,1773662724.159153,1773662748.985321,898,94,49.630919,1.104767,0.521787,True
61,1773662724.337726,1773662824.164068,181,253,199.641134,1.122230,0.787773,True
62,1773662724.932454,1773662729.793239,320,18,9.712114,0.873972,0.519891,True
63,1773662725.447848,1773662839.392348,1119,414,227.885166,2.085334,0.546731,True
64,1773662725.829053,1773662767.918437,124,157,84.161276,0.345043,0.537284,True
65,1773662726.367088,1773662776.514732,1313,179,100.289614,3.651966,0.542908,True
66,1773662730.436373,1773662834.716709,1096,383,208.544704,2.030103,0.540614,True
67,1773662733.174210,1773662758.093882,400,102,49.837763,0.918684,0.484347,True
68,1773662737.396761,1773662912.690340,1057,424,350.573428,1.180570,0.825988,True
69,1773662739.307273,1773662800.688629,203,162,122.761405,0.366430,0.760217,True
70,1773662741.027346,1773662835.352450,1314,216,188.640804,1.583001,0.870036,True
71,1773662742.328472,1773662767.996154,2,93,51.327945,0.669604,0.550634,True
72,1773662744.083796,1773662858.936623,1065,409,229.689613,2.067304,0.557898,True
73,1773662747.478390,1773662764.471744,372,60,33.965065,0.734804,0.563225,True
74,1773662749.448988,1773662862.363429,1104,394,225.811196,2.156012,0.569097,True
75,1773662750.770487,1773662931.163549,1075,415,360.775727,1.226165,0.868477,True
76,1773662752.806624,1773662912.872525,1225,372,320.126249,1.353088,0.859227,True
77,1773662753.324577,1773662937.781658,1118,426,368.895113,2.122432,0.862995,True
78,1773662754.892781,1773662795.865720,380,102,81.930383,1.102696,0.800274,True
79,1773662754.930874,1773662864.832481,1133,385,219.801465,2.213928,0.566634,True
80,1773662756.913839,1773662835.044621,42,167,156.239938,0.372608,0.938960,True
81,1773662759.099824,1773662865.285392,1140,377,212.365184,2.105249,0.559202,True
82,1773662762.334663,1773662819.180094,126,203,113.689056,0.411353,0.560781,True
83,1773662763.490756,1773662804.471458,431,84,81.959974,0.543319,0.980924,True
84,1773662768.374342,1773662965.026474,1115,421,393.294252,1.407296,0.933064,True
85,1773662769.352732,1773662855.180340,206,179,171.635164,1.000304,0.958623,True
86,1773662769.356974,1773662824.251661,400,91,109.756615,0.937037,1.209106,True
87,1773662769.430667,1773662953.050525,1123,396,367.230162,2.085977,0.924416,True
88,1773662769.523701,1773662943.152621,862,379,347.248101,1.521957,0.914619,True
89,1773662770.130301,1773662887.372828,859,422,234.471092,1.623730,0.553082,True
90,1773662770.159983,1773662883.661835,890,402,226.988053,3.214518,0.558039,True
91,1773662770.280775,1773662965.026376,1192,419,389.473698,2.490565,0.925797,True
92,1773662770.746562,1773662883.974855,899,403,226.434413,3.833518,0.553734,True
93,1773662771.703396,1773662880.710245,163,224,217.997986,1.461796,0.971014,True
94,1773662772.672397,1773662875.692708,181,212,206.039152,0.568506,0.973795,True
95,1773662774.648985,1773662828.556236,416,88,107.806722,0.638950,1.231813,True
96,1773662774.753402,1773662975.201162,1163,426,400.888000,1.625255,0.939442,True
97,1773662775.659707,1773662787.017073,243,14,22.713186,2.789207,1.532614,True
98,1773662776.171367,1773662975.247992,1041,428,398.151975,1.325399,0.929336,True
99,1773662776.319986,1773662849.092031,1350,146,145.532669,2.021629,0.989731,True
100,1773662776.909273,1773662963.109183,1104,396,372.398223,2.602629,0.936191,True
101,1773662777.011969,1773662894.509568,1127,426,234.993486,2.083665,0.548023,True
102,1773662780.844672,1773662973.900957,1114,414,386.096203,1.396917,0.931475,True
103,1773662781.754095,1773662965.272923,1083,396,367.036421,1.978588,0.924197,True
104,1773662781.831969,1773662831.677190,1313,173,99.680727,2.580369,0.564537,True
105,1773662782.228733,1773662964.932904,888,395,365.398985,1.275850,0.924170,True
106,1773662782.306397,1773662847.422798,13,130,130.211385,1.461332,0.998062,True
107,1773662782.579329,1773662831.746956,874,89,98.319784,2.218834,1.092056,True
108,1773662782.938916,1773662966.864032,1065,395,367.844855,2.239130,0.927933,True
109,1773662784.217561,1773662979.267152,1157,426,390.087723,2.673173,0.911564,True
110,1773662784.355543,1773662964.100141,1077,390,359.467612,1.839793,0.919352,True
111,1773662787.656689,1773662976.835019,1149,411,378.347092,1.276002,0.919686,True
112,1773662787.854356,1773662894.076501,996,389,212.432460,2.018853,0.542303,True
113,1773662788.737366,1773662969.593180,990,394,361.702175,1.270574,0.917129,True
114,1773662789.838088,1773662875.287437,197,183,170.897362,0.590663,0.935751,True
115,1773662792.752365,1773662897.432699,197,217,209.338930,0.520134,0.966754,True
116,1773662794.003893,1773662981.583970,1378,407,375.146739,1.481855,0.920357,True
117,1773662795.374236,1773662985.770196,1214,421,380.782387,1.505393,0.903040,True
118,1773662796.330515,1773662900.650682,1016,375,208.628346,1.973886,0.552552,True
119,1773662796.869524,1773662978.113260,1186,398,362.476107,1.443163,0.909403,True
120,1773662797.377676,1773662994.469266,1100,426,394.165692,2.294028,0.922051,True
121,1773662798.185678,1773662897.796796,218,217,199.200518,0.632746,0.919295,True
122,1773662800.253646,1773662989.832503,1232,419,379.156268,1.557794,0.903346,True
123,1773662801.682753,1773662989.515619,975,416,375.648377,1.396189,0.901813,True
124,1773662802.839280,1773662866.184146,209,217,126.681937,0.455592,0.584381,True
125,1773662804.510473,1773662846.718435,181,85,84.410529,0.541617,0.998439,True
126,1773662804.641336,1773662979.221104,1029,388,349.145867,1.395078,0.898581,True
127,1773662805.008413,1773663001.263362,888,418,392.508347,1.396010,0.937919,True
128,1773662805.326849,1773662909.395104,1113,375,208.134588,2.159359,0.550736,True
129,1773662805.417318,1773663039.067525,1035,520,467.294906,2.407143,0.895737,True
130,1773662805.417451,1773662922.995420,1009,425,235.129009,3.395991,0.546540,True
131,1773662805.867490,1773663011.332350,869,450,410.928600,1.372763,0.912151,True
132,1773662806.096096,1773663005.307882,1183,431,398.409852,2.342440,0.921087,True
133,1773662807.847046,1773662984.536209,972,395,353.377020,1.509366,0.893065,True
134,1773662809.135900,1773662984.308353,1097,396,350.343441,1.420830,0.883348,True
135,1773662809.859294,1773662894.885514,206,183,170.035095,2.185336,0.922251,True
136,1773662809.979534,1773662901.813159,181,208,183.661788,2.121794,0.877005,True
137,1773662809.992678,1773662898.483189,1316,200,176.959372,1.995701,0.879214,True
138,1773662810.413727,1773663015.619033,908,456,410.392832,2.093179,0.897362,True
139,1773662811.175908,1773662929.040685,1094,422,235.717529,2.068312,0.554986,True
140,1773662811.246155,1773663003.008846,996,422,383.509774,2.221416,0.905673,True
141,1773662811.680622,1773662836.618343,420,89,49.853648,2.498594,0.538126,True
142,1773662812.310549,1773662979.770560,1112,385,334.898032,1.751375,0.867569,True
143,1773662813.529592,1773662989.652700,1133,396,352.224498,1.846561,0.887033,True
144,1773662814.099740,1773662991.700243,890,403,355.185152,1.412419,0.880032,True
145,1773662814.811782,1773662831.182143,833,36,32.734950,2.174219,0.873164,True
146,1773662815.095830,1773663006.285391,1093,426,382.367318,1.643816,0.895820,True
147,1773662816.405210,1773662903.496396,206,211,174.160840,1.050372,0.824336,True
148,1773662817.305948,1773662938.834028,898,454,243.034152,1.732508,0.532675,True
149,1773662817.842376,1773662894.795378,1312,180,153.890125,1.593626,0.850818,True
150,1773662817.946965,1773662997.120489,1129,396,358.335666,1.954861,0.902230,True
151,1773662817.993556,1773662841.869127,375,67,47.750005,1.985414,0.693403,True
152,1773662821.120461,1773663009.129741,862,425,376.005231,1.025823,0.884385,True
153,1773662822.421203,1773662872.646099,167,179,100.427973,0.414087,0.561876,True
154,1773662822.565248,1773662934.593221,914,414,224.054077,1.950140,0.537782,True
155,1773662824.520730,1773662910.594701,209,217,172.138303,0.507014,0.794589,True
156,1773662825.236450,1773663082.540296,982,594,514.589988,1.132095,0.865865,True
157,1773662826.668207,1773662871.606738,200,161,89.865185,0.539474,0.558286,True
158,1773662826.816951,1773662894.016231,1313,156,134.395002,1.471024,0.857574,True
159,1773662827.292833,1773662937.356852,999,416,220.111930,1.966646,0.525651,True
160,1773662832.119356,1773663009.405386,1084,397,354.570786,1.240067,0.892249,True
161,1773662832.256433,1773662877.891008,399,106,91.253887,1.643201,0.853435,True
162,1773662833.402209,1773663092.822642,1065,594,518.827628,1.545763,0.872313,True
163,1773662839.643919,1773662953.885782,1036,446,228.475735,2.019974,0.508889,True
164,1773662841.532003,1773663021.030629,1243,398,358.991692,1.456652,0.900592,True
165,1773662842.791866,1773662943.449368,1128,384,201.313336,2.139410,0.520036,True
166,1773662843.104475,1773663013.353910,1000,375,340.489156,1.187630,0.907223,True
167,1773662843.777839,1773662865.529155,992,56,43.493877,1.593961,0.761817,True
168,1773662843.967095,1773662880.575502,920,87,73.201374,1.816562,0.830056,True
169,1773662844.167151,1773663017.781639,1040,388,347.227805,1.466078,0.893441,True
170,1773662844.223674,1773662872.711406,411,101,56.963824,3.406262,0.535576,True
171,1773662844.259765,1773662870.506716,900,91,52.492497,3.148853,0.548263,True
172,1773662844.592884,1773662951.060322,1018,425,212.923234,2.258264,0.496851,True
173,1773662848.033292,1773662872.900702,395,99,49.724757,0.980502,0.497390,True
174,1773662849.028574,1773662943.610102,209,217,189.147426,0.404656,0.873809,True
175,1773662856.672239,1773662909.147427,181,113,104.936804,0.397798,0.933384,True
176,1773662857.565441,1773663048.553736,1118,414,381.956796,1.230320,0.921856,True
177,1773662857.622195,1773663037.825188,972,392,360.394425,1.944963,0.916751,True
178,1773662858.835775,1773662873.980418,1847,53,30.271647,3.450261,0.515796,True
179,1773662859.945164,1773662905.867707,392,96,91.843672,0.740821,0.958977,True
180,1773662860.596855,1773662961.342731,197,217,201.479925,0.608444,0.929961,True
181,1773662860.861894,1773663048.279812,975,409,374.819417,1.209555,0.915710,True
182,1773662861.066562,1773663060.778387,1025,443,399.406060,2.149049,0.898772,True
183,1773662862.430327,1773663038.146860,1027,388,351.421400,2.731013,0.901009,True
184,1773662863.022255,1773663048.691867,1143,409,371.325559,1.716671,0.905904,True
185,1773662863.131819,1773663044.245010,1028,394,362.205136,1.235355,0.918498,True
186,1773662863.174734,1773663045.434816,874,402,364.502628,1.696368,0.904754,True
187,1773662865.527512,1773663085.803608,997,492,440.550539,1.468337,0.894261,True
188,1773662865.889635,1773662979.036785,72,245,226.276378,1.327310,0.921922,True
189,1773662865.894855,1773662966.064883,851,397,200.312146,1.756540,0.501403,True
190,1773662866.238992,1773662905.640013,408,91,78.786746,1.251551,0.861502,True
191,1773662866.347796,1773663100.920749,1113,531,469.144593,2.139536,0.881142,True
192,1773662867.577367,1773662938.383009,1313,170,141.589666,2.697694,0.821846,True
193,1773662868.087410,1773663058.910793,1083,426,381.645600,1.739301,0.893897,True
194,1773662869.115853,1773663045.159622,1139,394,352.065873,2.415676,0.889695,True
195,1773662870.919917,1773663062.091623,978,437,382.326077,1.773971,0.872826,True
196,1773662871.919887,1773662909.458224,26,146,75.068888,0.333932,0.515413,True
197,1773662872.268374,1773662897.750783,386,61,50.959169,0.975091,0.833068,True
198,1773662874.693610,1773662979.300117,1074,411,209.194744,2.009048,0.505331,True
199,1773662877.181788,1773662946.098409,209,162,137.824878,0.522498,0.852810,True
200,1773662877.638653,1773663079.788538,1099,455,404.278204,1.341701,0.887525,True
201,1773662881.147456,1773662888.782259,120,12,15.268213,0.398881,1.351757,True
202,1773662881.259361,1773662960.687121,126,173,158.847706,0.453587,0.920896,True
203,1773662881.383765,1773662939.915379,416,140,117.057517,0.678152,0.837262,True
204,1773662881.655819,1773662903.398064,394,83,43.462582,0.919443,0.518819,True
205,1773662882.024837,1773663058.865232,1043,399,353.663163,1.196526,0.885595,True
206,1773662882.024995,1773663057.952897,1099,396,351.816301,2.110239,0.885332,True
207,1773662882.034116,1773662915.910283,857,91,67.710556,1.436177,0.736382,True
208,1773662883.446361,1773662981.357433,209,217,195.800406,1.190773,0.900971,True
209,1773662884.362216,1773663045.984433,1109,365,323.232834,1.206441,0.884688,True
210,1773662885.280354,1773663080.429781,993,441,390.283124,1.473104,0.883659,True
211,1773662885.636068,1773663072.029752,888,418,372.785962,1.276241,0.890911,True
212,1773662888.721840,1773663058.499791,1141,388,339.546288,1.222704,0.874221,True
213,1773662889.262865,1773662993.228264,1067,394,207.916641,1.999254,0.523963,True
214,1773662889.826117,1773663077.681576,1116,423,375.705245,1.365555,0.887061,True
215,1773662889.983462,1773662911.460682,416,79,42.936855,2.159744,0.522783,True
216,1773662890.172246,1773663112.250923,1126,520,444.147571,2.372075,0.851205,True
217,1773662890.262949,1773662971.775709,203,179,163.012217,1.367732,0.908115,True
218,1773662892.933819,1773662932.360238,379,144,78.842864,0.882537,0.545177,True
219,1773662893.905668,1773662963.552726,56,164,139.292557,0.336901,0.852489,True
220,1773662896.356962,1773663003.892735,1232,410,215.057550,2.547030,0.519586,True
221,1773662896.369770,1773662939.449405,209,162,86.150136,0.541867,0.531728,True
222,1773662896.534620,1773662971.682410,206,162,150.285915,0.615822,0.929628,True
223,1773662900.115544,1773663067.320609,1083,378,334.391261,1.592442,0.882755,True
224,1773662901.793187,1773662946.105807,171,183,88.603441,0.526947,0.483937,True
225,1773662907.183550,1773663020.625651,982,429,226.882333,1.888415,0.525687,True
226,1773662908.994211,1773662931.987037,374,54,45.976012,0.680529,0.854632,True
227,1773662911.271805,1773663019.873086,1019,413,217.195874,1.934418,0.522479,True
228,1773662911.594698,1773662962.211518,126,205,101.232051,2.108158,0.485901,True
229,1773662914.471090,1773663097.959123,1147,396,366.964460,1.294025,0.925748,True
230,1773662916.338162,1773663025.996928,1078,428,219.307520,2.162146,0.508537,True
231,1773662917.999361,1773663105.179824,883,413,374.339381,1.236167,0.905590,True
232,1773662919.020322,1773662969.803654,169,217,101.561193,0.499636,0.467878,True
233,1773662920.136043,1773663113.928475,1094,429,387.571240,1.292477,0.902520,True
234,1773662920.566706,1773663112.432854,1001,427,383.714540,1.995292,0.896055,True
235,1773662922.050279,1773662973.063204,391,93,102.024108,2.088629,1.086255,True
236,1773662922.649314,1773663099.187579,1085,388,353.070656,1.347064,0.908846,True
237,1773662923.128250,1773663024.629438,1064,395,202.986454,2.005568,0.510104,True
238,1773662924.212636,1773663108.891567,1070,411,369.356470,1.188898,0.897970,True
239,1773662925.912007,1773663174.717277,972,575,497.594926,1.309249,0.864609,True
240,1773662926.739022,1773663102.373998,1099,394,351.264080,1.672169,0.889547,True
241,1773662926.939365,1773663024.316981,980,384,194.741480,2.027082,0.503171,True
242,1773662933.227292,1773663109.116930,1057,393,351.763502,1.236598,0.894201,True
243,1773662934.841014,1773663116.710881,1082,409,363.724858,1.319431,0.888249,True
244,1773662935.337671,1773663114.154572,1072,400,357.621934,2.295262,0.890543,True
245,1773662935.874564,1773662986.781746,385,98,101.798615,0.870878,1.040492,True
246,1773662936.018628,1773663010.922253,78,141,149.791799,0.469659,1.066587,True
247,1773662937.203088,1773662958.354204,412,100,42.280502,0.810450,0.418889,True
248,1773662938.135393,1773663111.032691,1027,388,345.793562,1.312123,0.890133,True
249,1773662939.497106,1773663143.748283,1146,466,408.500956,1.501482,0.875268,True
250,1773662940.451630,1773663128.136344,994,419,375.363699,1.773277,0.893757,True
251,1773662943.257837,1773663001.080166,846,108,115.629037,1.037311,1.070951,True
252,1773662944.439179,1773663135.792323,1140,430,382.684019,1.273149,0.889070,True
253,1773662947.976249,1773663227.241736,1059,649,558.519289,1.173714,0.860101,True
254,1773662948.274609,1773663044.336510,1354,200,192.105953,2.370183,0.953446,True
255,1773662950.129322,1773662996.982057,167,171,93.699534,0.504228,0.548208,True
256,1773662950.244004,1773662977.018121,1792,50,53.547091,2.382384,1.044178,True
257,1773662950.413486,1773663015.527206,40,134,130.218045,2.255898,0.962121,True
258,1773662952.934710,1773663005.398322,407,104,104.925902,0.717931,1.011728,True
259,1773662953.286402,1773663132.913603,1065,411,359.250839,1.353446,0.872920,True
260,1773662953.320423,1773663060.597152,181,241,214.534736,1.659363,0.886981,True
261,1773662953.861712,1773663019.307421,1314,137,130.883596,2.482165,0.944128,True
262,1773662954.038048,1773663015.665040,181,128,123.252902,1.017559,0.962483,True
263,1773662955.642467,1773663046.351217,163,205,181.415993,1.233413,0.883248,True
264,1773662955.649999,1773663001.586591,2,93,91.865924,1.262466,0.984820,True
265,1773662955.792043,1773663016.114308,1314,203,120.634722,2.494606,0.584852,True
266,1773662956.684634,1773663067.297457,1056,394,221.207961,3.640193,0.553608,True
267,1773662957.618062,1773663148.431308,978,442,381.616927,1.091000,0.862871,True
268,1773662958.689130,1773663196.302194,1217,565,475.218482,1.683649,0.839601,True
269,1773662958.810465,1773663130.087478,1056,398,342.540479,1.180393,0.859849,True
270,1773662961.181794,1773663149.425625,951,445,376.481605,1.116101,0.845418,True
271,1773662962.429010,1773663073.365389,1233,401,221.862414,2.416209,0.548616,True
272,1773662964.848394,1773663040.684455,1317,169,151.654245,1.563087,0.893400,True
273,1773662967.035702,1773663184.350564,1103,520,434.619913,2.347850,0.832894,True
274,1773662967.253911,1773663129.355751,887,375,324.198055,2.131638,0.861140,True
275,1773662968.773862,1773663137.201044,1123,396,336.852900,1.982315,0.847774,True
276,1773662969.193107,1773663129.583451,1095,379,320.760308,2.030658,0.843200,True
277,1773662971.300637,1773663084.409451,1079,419,226.207018,2.150856,0.536020,True
278,1773662975.384956,1773663151.732738,1073,420,352.694005,1.166848,0.838967,True
279,1773662975.693694,1773663086.042069,1147,413,220.690686,2.127940,0.530492,True
280,1773662976.851390,1773663054.855684,212,183,156.007364,0.612810,0.853816,True
281,1773662979.564984,1773663017.322795,411,81,75.507855,1.050891,0.930712,True
282,1773662979.645286,1773663015.942043,380,76,72.579818,0.967622,0.954829,True
283,1773662980.089798,1773663103.346395,990,468,246.505037,1.852706,0.523881,True
284,1773662981.176116,1773663090.311781,1106,414,218.259317,2.943946,0.521345,True
285,1773662981.524258,1773663149.471041,1117,396,335.878176,1.394715,0.846794,True
286,1773662982.086980,1773663085.539132,1147,396,206.886149,3.565211,0.514737,True
287,1773662984.053553,1773663060.459956,127,178,152.811474,0.387963,0.861150,True
288,1773662985.369278,1773663165.059629,1021,428,359.370755,1.359061,0.838435,True
289,1773662985.687566,1773663153.488162,1081,394,335.591631,1.570295,0.849927,True
290,1773662988.000078,1773663157.469404,1104,394,338.917259,1.317054,0.859034,True
291,1773662989.332710,1773663169.541805,1149,429,360.402391,1.485161,0.838592,True
292,1773662990.309477,1773663026.792162,399,86,72.950851,1.196947,0.844164,True
293,1773662991.471066,1773663153.216830,1127,385,323.483704,1.296024,0.839030,True
294,1773662992.238369,1773663026.929334,766,85,69.368210,1.475842,0.808242,True
295,1773662992.498627,1773663159.734591,1073,396,334.466717,1.872640,0.842010,True
296,1773662993.432085,1773663003.054560,91,16,19.239455,2.296232,1.129548,True
297,1773662993.551493,1773663160.052569,922,402,332.986529,2.126769,0.825087,True
298,1773662993.777168,1773663088.143214,1314,220,188.716363,2.738598,0.849214,True
299,1773662993.906841,1773663159.689607,1049,396,331.564211,2.932476,0.831979,True
300,1773662994.098436,1773663160.547213,1048,399,332.890004,1.393418,0.832906,True
301,1773662996.571413,1773663160.907981,1180,404,328.663333,1.636969,0.811480,True
302,1773662997.263439,1773663088.235533,194,217,181.922683,1.426765,0.835629,True
303,1773662998.465467,1773663103.406849,1063,396,209.864771,2.171678,0.525805,True
304,1773662998.612894,1773663088.463699,206,217,179.690034,0.665834,0.828816,True
305,1773663000.335991,1773663099.504358,1083,386,198.326549,2.275609,0.509223,True
306,1773663001.605069,1773663176.020896,1016,436,348.816274,1.114456,0.799315,True
307,1773663003.038431,1773663173.776631,958,427,341.466653,1.006179,0.799203,True
308,1773663003.682352,1773663010.370667,91,16,13.358933,1.017277,0.822777,True
309,1773663003.939504,1773663010.829101,335,18,13.765237,0.670116,0.770301,True
310,1773663005.201104,1773663050.445039,895,114,90.482505,0.986526,0.792000,True
311,1773663006.433299,1773663223.687124,1004,532,434.486155,1.211039,0.815961,True
312,1773663007.917837,1773663069.397526,194,223,122.945610,0.516192,0.551484,True
313,1773663011.318657,1773663121.072348,1001,427,219.489377,2.000604,0.510537,True
314,1773663011.777508,1773663112.863222,954,390,202.163307,3.521287,0.510648,True
315,1773663013.638426,1773663073.495876,203,217,119.692987,2.207730,0.543913,True
316,1773663013.858567,1773663171.697582,980,385,315.660579,1.285922,0.818684,True
317,1773663016.077817,1773663024.422809,91,24,16.676460,0.458810,0.705115,True
318,1773663016.583365,1773663040.538299,428,102,47.898059,0.922706,0.465103,True
319,1773663018.022347,1773663062.455397,878,110,88.859300,1.004073,0.806011,True
320,1773663019.130073,1773663091.952545,212,164,145.629448,0.609954,0.889690,True
321,1773663022.026543,1773663192.255605,982,411,340.456942,1.161216,0.827551,True
322,1773663026.970549,1773663100.558655,445,174,147.172785,0.619758,0.847127,True
323,1773663027.017967,1773663051.673718,394,86,49.298692,0.920552,0.569155,True
324,1773663027.210956,1773663199.706576,1023,421,344.971891,1.399690,0.818029,True
325,1773663028.343847,1773663096.297438,1314,152,135.905633,2.040984,0.886521,True
326,1773663029.265666,1773663139.194648,1009,420,219.849931,1.970126,0.520000,True
327,1773663029.968298,1773663179.332613,1007,375,298.726429,1.689907,0.794215,True
328,1773663031.432499,1773663178.793145,1161,373,294.717601,1.684588,0.787723,True
329,1773663033.783619,1773663214.430827,1067,429,361.272967,1.255750,0.841162,True
330,1773663036.587249,1773663143.517562,1038,409,213.848189,1.972390,0.519303,True
331,1773663039.163113,1773663217.369885,1136,422,356.395890,1.368897,0.843295,True
332,1773663039.710922,1773663133.276023,169,217,187.114429,1.443283,0.859589,True
333,1773663040.315538,1773663048.736440,313,18,16.826090,0.786826,0.943486,True
334,1773663040.806109,1773663201.237341,1116,574,320.860769,2.137251,0.556237,True
335,1773663041.746345,1773663250.203764,1240,501,416.913198,1.536855,0.830753,True
336,1773663041.775908,1773663067.365702,1060,58,51.174327,1.923602,0.864048,True
337,1773663041.885060,1773663110.710794,209,167,137.637985,1.864887,0.817910,True
338,1773663042.411581,1773663089.855337,428,108,94.886190,1.690550,0.870987,True
339,1773663043.535079,1773663148.679759,1093,414,210.275189,2.126543,0.503992,True
340,1773663046.483098,1773663295.346722,1045,585,497.723522,1.148841,0.850299,True
341,1773663047.598525,1773663077.348174,435,111,59.491567,0.914088,0.532523,True
342,1773663048.757766,1773663210.761555,1037,390,323.992166,1.537919,0.828931,True
343,1773663051.508846,1773663077.861668,422,95,52.695992,0.966263,0.550316,True
344,1773663054.832622,1773663138.428270,1313,201,167.189868,1.498248,0.828458,True
345,1773663054.929009,1773663220.831401,1184,394,331.788785,1.901704,0.839407,True
346,1773663054.956984,1773663220.377776,1001,396,330.840289,2.298030,0.831753,True
347,1773663056.155672,1773663217.504903,890,387,322.676883,1.460070,0.832168,True
348,1773663057.187633,1773663093.221751,181,140,72.060315,0.422343,0.515381,True
349,1773663058.936144,1773663162.693477,1119,397,207.507303,2.165267,0.518540,True
350,1773663059.615782,1773663084.220761,407,92,49.188312,2.408316,0.514066,True
351,1773663061.993487,1773663162.570325,1188,388,201.143585,2.308559,0.513786,True
352,1773663062.524176,1773663220.831275,1016,375,316.596078,1.398897,0.842773,True
353,1773663064.010421,1773663239.728335,1095,417,351.430517,1.155482,0.842007,True
354,1773663064.559952,1773663228.514217,1027,395,327.898739,2.108194,0.826880,True
355,1773663065.313076,1773663255.353712,1102,455,380.058046,1.536637,0.833748,True
356,1773663067.042551,1773663245.225247,1026,429,356.361051,1.295204,0.829593,True
357,1773663067.710543,1773663098.504725,1996,70,61.578802,3.127601,0.847119,True
358,1773663067.867835,1773663124.464075,1314,139,113.191059,1.964082,0.805993,True
359,1773663067.957787,1773663110.554444,181,173,85.187796,0.525619,0.492222,True
360,1773663068.807662,1773663229.407705,1049,397,321.198872,3.676259,0.801825,True
361,1773663069.573640,1773663176.111401,1132,414,213.073942,2.100779,0.510831,True
362,1773663069.617798,1773663226.880765,1088,386,314.510665,2.355677,0.810792,True
363,1773663070.998694,1773663155.850766,125,205,169.690435,1.749560,0.823240,True
364,1773663074.265557,1773663140.299654,206,167,132.050272,0.527464,0.792306,True
365,1773663075.354684,1773663102.915687,376,73,55.114167,0.622650,0.756827,True
366,1773663078.486092,1773663124.031481,127,198,91.079191,0.359036,0.460508,True
367,1773663081.286350,1773663125.728552,404,109,88.883106,0.746520,0.816080,True
368,1773663083.083286,1773663252.773233,1026,409,339.363081,1.320226,0.828536,True
369,1773663084.095215,1773663247.259307,1199,394,326.326817,1.657223,0.826131,True
370,1773663085.866506,1773663093.506547,91,16,15.258534,0.480366,0.985211,True
371,1773663086.468270,1773663208.419644,1013,422,243.885894,2.078470,0.574364,True
372,1773663086.607062,1773663248.274532,990,392,323.323291,1.296561,0.823598,True
373,1773663088.356441,1773663167.605811,1314,200,158.481002,1.440675,0.789147,True
374,1773663088.655567,1773663297.694743,1069,499,418.056657,2.552604,0.834345,True
375,1773663088.747234,1773663304.033105,1017,519,430.568075,2.194910,0.826975,True
376,1773663091.742969,1773663139.874404,200,183,96.249161,0.596740,0.525563,True
377,1773663092.697231,1773663170.575438,124,204,155.744726,0.390819,0.765290,True
378,1773663093.437130,1773663252.818598,895,393,318.745165,1.199818,0.810065,True
379,1773663096.488778,1773663123.248719,399,112,53.511842,0.891922,0.474053,True
380,1773663096.980078,1773663136.293288,410,95,78.611044,0.643454,0.829442,True
381,1773663099.826001,1773663212.935556,1107,388,226.197154,2.071500,0.579136,True
382,1773663101.959272,1773663192.030233,212,217,180.130244,0.586544,0.831221,True
383,1773663103.508215,1773663260.937029,1007,385,314.851981,1.302677,0.816535,True
384,1773663107.255121,1773663283.172482,1052,652,351.818432,2.088296,0.537220,True
385,1773663107.279530,1773663271.378607,1143,388,328.188888,1.283081,0.844718,True
386,1773663108.505145,1773663113.293568,307,18,9.575506,1.612370,0.468420,True
387,1773663109.789170,1773663149.334318,392,91,79.078514,0.639832,0.871541,True
388,1773663110.807618,1773663185.703673,129,185,149.784630,0.495388,0.811355,True
389,1773663110.965370,1773663174.448901,129,159,126.965758,0.601753,0.799772,True
390,1773663112.326446,1773663297.557624,936,431,370.460949,1.186667,0.858777,True
391,1773663113.181368,1773663166.984232,128,205,107.587869,0.398550,0.525438,True
392,1773663114.414161,1773663281.066145,1025,388,333.286323,1.198966,0.858107,True
393,1773663117.040121,1773663179.468185,203,217,124.842246,0.532251,0.575509,True
394,1773663119.097953,1773663147.449351,431,97,56.695373,0.859669,0.581622,True
395,1773663119.831994,1773663292.051780,1000,396,344.436151,1.198035,0.868957,True
396,1773663120.367712,1773663329.947793,1045,496,419.138678,1.958538,0.842788,True
397,1773663121.653962,1773663200.244177,165,192,157.168799,1.152689,0.816838,True
398,1773663122.781610,1773663304.078091,1163,429,362.571486,1.440289,0.843764,True
399,1773663123.956850,1773663382.703428,1143,580,517.479401,1.533572,0.891098,True
400,1773663125.794931,1773663291.140028,1012,389,330.674564,1.253611,0.849023,True
401,1773663125.916437,1773663309.792828,1121,433,367.731150,1.277925,0.848271,True
402,1773663126.408350,1773663282.617428,971,373,312.416888,1.677248,0.835322,True
403,1773663127.142368,1773663287.446838,1088,377,320.603424,1.888478,0.847646,True
404,1773663129.319882,1773663273.645418,1028,498,288.649307,1.981903,0.576796,True
405,1773663129.967458,1773663212.347322,127,202,164.738247,0.341863,0.817892,True
406,1773663130.486829,1773663236.991247,1139,371,213.000734,2.970696,0.567649,True
407,1773663130.525764,1773663304.947739,1100,414,348.832381,1.360981,0.841335,True
408,1773663130.659512,1773663300.021919,1019,403,338.715449,1.424383,0.839033,True
409,1773663133.358784,1773663252.125497,1022,443,237.523363,2.111312,0.532606,True
410,1773663133.571570,1773663239.003577,1176,373,210.850172,3.506706,0.557375,True
411,1773663133.697474,1773663301.202767,1007,403,335.000951,1.220355,0.830300,True
412,1773663136.333954,1773663146.770079,382,38,20.864521,1.656269,0.519142,True
413,1773663139.240550,1773663179.377460,396,107,80.259159,0.777496,0.749827,True
414,1773663139.374701,1773663197.483296,401,147,116.202455,0.868244,0.789960,True
415,1773663139.812224,1773663195.132031,882,135,110.635539,1.656929,0.813273,True
416,1773663143.834873,1773663260.464376,1161,429,233.257107,2.129705,0.540017,True
417,1773663144.368851,1773663200.288581,21,139,111.838068,0.460563,0.807083,True
418,1773663145.045862,1773663310.989273,1053,383,331.869366,1.350497,0.865233,True
419,1773663146.467507,1773663184.393045,402,102,75.843418,0.619436,0.744792,True
420,1773663146.544056,1773663328.780055,1037,434,364.470764,1.517911,0.838228,True
421,1773663149.467198,1773663376.146264,945,504,453.346619,1.255147,0.898790,True
422,1773663151.438416,1773663323.812645,1050,403,344.730688,1.355973,0.854166,True
423,1773663153.264180,1773663320.109448,1036,386,333.684877,1.229351,0.863521,True
424,1773663153.752465,1773663271.105137,1062,413,234.692971,2.017035,0.564747,True
425,1773663154.580513,1773663324.493650,1070,398,339.824958,1.129769,0.853136,True
426,1773663156.204501,1773663228.961648,206,181,145.502608,0.392702,0.806166,True
427,1773663157.321205,1773663210.897316,419,130,107.146790,0.782441,0.824530,True
428,1773663157.405576,1773663211.077217,181,132,107.341868,0.406842,0.816298,True
429,1773663157.803334,1773663274.868001,1127,415,234.116296,2.147790,0.560310,True
430,1773663159.267190,1773663269.612213,1043,394,220.672133,2.727357,0.554567,True
431,1773663162.089346,1773663199.392211,413,95,74.588259,0.577520,0.787348,True
432,1773663163.157680,1773663324.994004,934,378,323.665017,1.126005,0.855541,True
433,1773663165.881679,1773663329.275146,1039,379,326.769317,1.349612,0.860899,True
434,1773663170.792681,1773663189.960564,91,24,38.324078,0.344310,1.651294,True
435,1773663171.819967,1773663340.549759,1017,393,337.458530,1.229494,0.857727,True
436,1773663171.861763,1773663310.167197,1007,468,276.608969,1.914483,0.588211,True
437,1773663172.028333,1773663201.881819,375,66,59.685391,2.578392,0.878569,True
438,1773663173.103193,1773663219.975012,10,146,93.721768,0.851441,0.640485,True
439,1773663173.778889,1773663285.140741,994,414,222.702290,2.194697,0.533917,True
440,1773663174.371077,1773663181.372971,298,18,13.996094,0.656711,0.784670,True
441,1773663175.033220,1773663280.893785,1002,388,211.709215,3.613596,0.537715,True
442,1773663175.593782,1773663281.205767,1021,390,211.222164,2.379323,0.536871,True
443,1773663178.001888,1773663272.485230,209,217,188.965360,0.429213,0.872853,True
444,1773663178.738799,1773663224.802423,386,96,92.125852,0.544611,0.964013,True
445,1773663178.916974,1773663374.101606,1092,415,390.348501,1.505113,0.939235,True
446,1773663180.114484,1773663245.225002,403,142,130.219567,0.868461,0.917384,True
447,1773663180.141502,1773663226.790252,415,101,93.287875,0.955787,0.923321,True
448,1773663180.317146,1773663277.745912,1013,363,194.851611,2.017210,0.532692,True
449,1773663180.875891,1773663284.206259,1014,395,206.646680,4.729892,0.512479,True
450,1773663181.378218,1773663353.609813,1034,377,344.451536,1.356485,0.912487,True
451,1773663182.220374,1773663283.902521,1002,396,203.342782,1.966732,0.509813,True
452,1773663183.953402,1773663418.476317,1149,516,469.024198,1.419951,0.907969,True
453,1773663185.279611,1773663371.446917,1112,403,372.323229,1.523668,0.922387,True
454,1773663185.625379,1773663255.487992,1314,159,139.709449,2.416094,0.868945,True
455,1773663186.170027,1773663202.839311,1917,56,33.324897,3.455441,0.543081,True
456,1773663187.829818,1773663386.196241,1043,431,396.731443,1.868394,0.918286,True
457,1773663187.894977,1773663379.670576,1032,421,383.537644,1.293802,0.910104,True
458,1773663188.565680,1773663362.338763,1093,382,347.532406,2.644118,0.905219,True
459,1773663188.688585,1773663386.796117,1173,429,396.203631,2.311891,0.920308,True
460,1773663192.537459,1773663236.859907,203,189,88.635266,0.552474,0.468525,True
461,1773663193.426624,1773663236.857239,390,97,86.857270,0.711226,0.897355,True
462,1773663196.664927,1773663239.412038,409,93,85.488723,0.588004,0.922834,True
463,1773663197.192090,1773663239.230465,402,92,84.055288,0.654038,0.916497,True
464,1773663198.148320,1773663249.598152,1354,225,102.891953,2.688969,0.447335,True
465,1773663200.797735,1773663298.336141,181,213,195.075384,0.588796,0.917390,True
466,1773663201.116675,1773663395.635019,1035,414,389.024734,1.570910,0.938145,True
467,1773663201.768253,1773663394.987484,1033,420,386.431176,2.217486,0.916978,True
468,1773663202.212320,1773663282.434678,206,179,160.423011,1.820448,0.891026,True
469,1773663203.007564,1773663400.028154,888,426,394.033424,2.104557,0.922186,True
470,1773663203.379534,1773663283.848045,209,183,160.919151,1.053099,0.878385,True
471,1773663204.233302,1773663329.056722,1102,433,249.624892,2.147208,0.572865,True
472,1773663205.090776,1773663400.913554,1007,424,391.633851,1.170440,0.923081,True
473,1773663205.365517,1773663279.175631,203,167,147.604807,2.174393,0.876087,True
474,1773663205.773821,1773663400.494378,1173,421,389.431351,2.105366,0.922205,True
475,1773663205.799968,1773663374.517383,1080,371,337.413563,1.683491,0.907379,True
476,1773663207.194679,1773663226.105430,395,92,37.811830,0.957325,0.404995,True
477,1773663207.235296,1773663490.635535,1011,677,566.788867,1.828609,0.835740,True
478,1773663208.836304,1773663218.791569,91,24,19.903105,0.739725,0.833190,True
479,1773663209.122164,1773663244.300522,209,167,70.347152,0.500405,0.420764,True
480,1773663210.755642,1773663393.555623,1159,399,365.584393,1.489041,0.914812,True
481,1773663211.248288,1773663510.341554,463,739,598.181088,2.409775,0.807278,True
482,1773663212.168604,1773663391.955224,1094,398,359.563837,1.339532,0.902328,True
483,1773663212.176402,1773663297.877619,130,199,171.387409,0.394936,0.863598,True
484,1773663213.557711,1773663282.116762,203,162,137.110380,0.683289,0.847373,True
485,1773663215.339575,1773663305.578267,206,217,180.463721,0.524493,0.833052,True
486,1773663217.340178,1773663387.579863,1003,373,340.473826,1.126729,0.912223,True
487,1773663218.684617,1773663253.312828,376,88,69.252945,0.690182,0.788078,True
488,1773663220.616877,1773663271.967129,401,125,102.690754,0.537846,0.823814,True
489,1773663222.111667,1773663414.046714,1023,427,383.863793,1.158382,0.898370,True
490,1773663223.667315,1773663318.378888,197,217,189.409462,0.493325,0.874612,True
491,1773663223.886117,1773663227.200549,91,16,6.613200,0.395513,0.414512,True
492,1773663227.871053,1773663314.361650,77,187,172.973211,0.456405,0.927510,True
493,1773663229.052972,1773663409.466198,1056,396,360.812619,1.396980,0.909913,True
494,1773663230.985050,1773663415.793070,1033,397,369.606180,1.191957,0.930339,True
495,1773663231.110509,1773663406.568102,1118,378,350.909636,2.279453,0.924748,True
496,1773663231.364523,1773663299.247836,1269,152,135.757124,2.727541,0.880991,True
497,1773663231.936803,1773663353.879240,1035,401,243.874806,1.995134,0.604699,True
498,1773663232.340166,1773663419.585604,1256,414,374.489621,2.380803,0.900990,True
499,1773663232.350086,1773663436.166857,1211,450,407.630079,3.092282,0.900975,True
500,1773663232.470608,1773663268.151370,396,89,71.353991,2.387220,0.783713,True
501,1773663233.773759,1773663240.908987,91,16,14.258634,1.711614,0.836468,True
502,1773663234.901727,1773663424.658822,1066,421,379.508416,1.812863,0.899275,True
503,1773663235.351446,1773663244.634043,91,24,18.559709,1.409048,0.745681,True
504,1773663235.828809,1773663266.651977,414,79,61.645038,1.625123,0.769486,True
505,1773663237.305276,1773663247.990621,378,52,21.369306,0.852725,0.402286,True
506,1773663237.839842,1773663283.347977,385,112,90.998634,0.562137,0.814743,True
507,1773663242.108588,1773663374.425497,1314,285,264.619802,1.516257,0.926421,True
508,1773663244.236727,1773663281.659281,401,88,74.823213,0.657473,0.852480,True
509,1773663247.480165,1773663291.595693,404,98,88.220472,0.693699,0.902338,True
510,1773663247.508235,1773663253.177959,91,16,11.321918,0.345354,0.731771,True
511,1773663248.903567,1773663328.240499,194,188,158.666775,0.436178,0.846153,True
512,1773663250.727314,1773663431.624514,1111,389,361.793019,1.224718,0.929300,True
513,1773663251.914414,1773663383.969260,1125,395,264.103540,2.214502,0.664693,True
514,1773663253.034816,1773663447.459237,1013,421,388.837143,1.363480,0.922556,True
515,1773663253.521670,1773663280.389303,847,89,53.733667,2.354999,0.583849,True
516,1773663257.776219,1773663284.674578,375,101,53.779249,0.850651,0.529286,True
517,1773663258.029238,1773663441.723993,1046,393,367.388015,1.266655,0.933983,True
518,1773663258.429388,1773663290.136592,395,58,63.412896,1.506780,1.086072,True
519,1773663259.020284,1773663282.436039,402,86,46.830275,0.924028,0.540073,True
520,1773663260.578013,1773663386.885924,1207,386,252.609842,2.247051,0.650293,True
521,1773663261.031399,1773663455.919035,997,415,389.771736,1.262825,0.938427,True
522,1773663261.971205,1773663333.153742,191,162,142.347611,0.891216,0.878611,True
523,1773663262.848729,1773663461.498837,978,430,397.286890,1.168324,0.923353,True
524,1773663263.076452,1773663370.888024,200,217,215.607424,1.150997,0.992854,True
525,1773663264.068104,1773663459.409315,1160,421,390.661129,1.340084,0.926955,True
526,1773663264.278079,1773663408.729509,1216,466,288.883820,2.782332,0.615272,True
527,1773663264.285600,1773663400.930707,912,427,273.265749,1.688625,0.637505,True
528,1773663264.290333,1773663314.544893,181,104,100.473353,1.545942,0.960460,True
529,1773663265.089700,1773663334.451682,206,162,138.721821,0.835408,0.856437,True
530,1773663268.027439,1773663450.508800,1010,396,364.941355,1.338367,0.920514,True
531,1773663268.860800,1773663301.067003,975,68,64.396432,1.730831,0.935307,True
532,1773663270.897558,1773663398.784396,1033,396,255.755550,1.956744,0.642529,True
533,1773663271.671231,1773663342.024719,163,157,140.695476,0.579362,0.898180,True
534,1773663272.625786,1773663301.611352,382,62,57.965076,1.228637,0.930106,True
535,1773663272.680891,1773663465.918393,1082,426,386.453691,1.024622,0.906892,True
536,1773663273.540701,1773663464.179059,1311,415,381.260802,1.881008,0.916376,True
537,1773663273.724066,1773663379.855732,200,217,212.241786,0.520297,0.980192,True
538,1773663273.793908,1773663282.206484,91,16,16.819622,0.344781,1.098323,True
539,1773663274.181997,1773663314.723978,181,85,81.068089,1.524714,0.946945,True
540,1773663274.529584,1773663462.560216,1004,412,376.039779,2.050691,0.909949,True
541,1773663276.919983,1773663337.257580,1315,144,120.653484,1.656640,0.832146,True
542,1773663278.205992,1773663351.895890,203,161,147.368436,0.915367,0.915332,True
543,1773663279.886278,1773663462.283913,960,403,364.791667,1.128298,0.904635,True
544,1773663283.639865,1773663462.929622,1032,387,358.565545,1.312581,0.925526,True
545,1773663283.948962,1773663465.459965,1144,396,363.004385,2.219058,0.913381,True
546,1773663284.002851,1773663340.368614,414,130,112.717559,1.354664,0.863278,True
547,1773663284.005068,1773663321.789915,399,86,75.537838,2.229162,0.862455,True
548,1773663285.651830,1773663326.844644,1113,98,82.371924,1.737771,0.831280,True
549,1773663285.932880,1773663328.916328,181,107,85.961292,1.671784,0.795184,True
550,1773663286.980071,1773663379.485371,161,193,184.992986,1.003690,0.958278,True
551,1773663287.968509,1773663465.229959,1001,398,354.521529,1.208215,0.889958,True
552,1773663288.803641,1773663311.442218,371,54,45.263443,0.954328,0.836021,True
553,1773663289.465293,1773663419.966030,1176,385,260.995279,2.206129,0.673930,True
554,1773663290.355195,1773663428.562573,1061,429,276.411232,4.846822,0.634496,True
555,1773663291.488371,1773663340.852368,886,95,98.722145,3.711503,1.010752,True
556,1773663292.561672,1773663476.949677,1137,428,368.764222,1.232569,0.860730,True
557,1773663292.835128,1773663466.334042,1245,389,346.996380,2.462482,0.887974,True
558,1773663292.984832,1773663333.559487,401,103,81.141981,1.326343,0.782506,True
559,1773663293.690386,1773663326.709514,405,83,66.024378,1.741614,0.783936,True
560,1773663294.750027,1773663359.294525,1319,169,129.081057,2.846312,0.751397,True
561,1773663296.683927,1773663428.562579,1052,429,263.751491,2.840494,0.609605,True
562,1773663297.651046,1773663310.985781,91,24,26.651710,2.037220,1.070195,True
563,1773663297.995734,1773663421.807415,1062,393,247.615544,5.642386,0.617278,True
564,1773663298.006171,1773663324.700507,2042,52,53.381006,5.187578,0.944969,True
565,1773663301.358197,1773663311.397857,328,18,20.069903,0.485926,1.151999,True
566,1773663301.600988,1773663365.413180,8,122,127.606699,0.687875,1.048916,True
567,1773663302.436427,1773663353.553846,1313,156,102.233251,4.340128,0.631569,True
568,1773663303.018223,1773663425.905269,1129,414,245.767682,2.662755,0.588632,True
569,1773663303.068286,1773663359.427259,405,110,112.708819,0.590926,1.028605,True
570,1773663303.795393,1773663357.786724,393,105,107.974761,0.596564,1.032483,True
571,1773663305.350263,1773663400.260087,167,187,189.811561,0.476403,1.017931,True
572,1773663305.437709,1773663495.527008,1040,456,380.159715,1.268497,0.832728,True
573,1773663306.592302,1773663480.090688,1113,399,346.991253,1.334080,0.868485,True
574,1773663306.765101,1773663482.637995,1042,411,351.738238,1.623181,0.853939,True
575,1773663306.868411,1773663484.499303,1180,414,355.252261,2.870335,0.853225,True
576,1773663307.026911,1773663486.582695,1069,426,359.110171,3.501086,0.836727,True
577,1773663307.643871,1773663412.147504,209,217,208.995628,2.259729,0.957111,True
578,1773663311.168211,1773663487.802854,1065,426,353.249066,1.171392,0.828418,True
579,1773663311.188851,1773663394.118968,128,173,165.838492,1.353644,0.956307,True
580,1773663311.241577,1773663484.815842,1037,415,347.127221,2.198510,0.833161,True
581,1773663312.482302,1773663430.026424,966,403,235.082190,1.754405,0.580417,True
582,1773663312.557765,1773663348.000314,380,99,70.863383,2.170890,0.700944,True
583,1773663313.335292,1773663428.562446,1087,396,230.444492,3.032570,0.575726,True
584,1773663313.610393,1773663371.321723,218,179,115.414724,1.269915,0.641263,True
585,1773663313.804205,1773663343.282908,387,75,58.945728,2.778646,0.759015,True
586,1773663314.288657,1773663509.261699,1000,498,389.936700,1.301445,0.781962,True
587,1773663318.813161,1773663353.618708,383,114,69.599549,0.793545,0.608903,True
588,1773663319.022955,1773663444.130788,1093,429,250.209518,2.680424,0.578339,True
589,1773663321.016303,1773663430.152888,1262,390,218.271355,3.156574,0.552994,True
590,1773663321.772868,1773663503.179666,1473,450,362.803519,1.804713,0.804006,True
591,1773663325.328931,1773663474.412456,1127,563,298.154820,2.215208,0.526583,True
592,1773663329.499410,1773663458.859380,1076,464,258.711748,2.070502,0.554301,True
593,1773663330.017764,1773663493.329208,1067,393,326.617351,1.683614,0.828913,True
594,1773663330.053921,1773663374.147663,402,73,88.169868,1.641495,1.201783,True
595,1773663330.600089,1773663384.303130,209,179,107.400257,1.486332,0.595022,True
596,1773663331.718261,1773663497.048152,1047,401,330.658491,1.341053,0.823294,True
597,1773663333.395315,1773663427.617558,200,193,188.434691,0.371435,0.979496,True
598,1773663334.693239,1773663446.045340,942,404,222.689978,1.769175,0.548191,True
599,1773663335.561723,1773663511.080047,1072,446,351.015069,1.411283,0.785626,True
600,1773663335.983004,1773663450.720824,1232,419,229.453604,2.746502,0.542361,True
601,1773663336.624529,1773663386.889721,373,91,100.512595,0.979929,1.105919,True
602,1773663337.402256,1773663498.338392,999,395,321.858510,1.461141,0.813191,True
603,1773663338.029475,1773663506.755748,1146,426,337.445015,2.282358,0.788618,True
604,1773663340.392543,1773663561.278301,1049,667,441.756086,1.348759,0.661272,True
605,1773663342.133341,1773663494.318893,1130,375,304.363424,1.889273,0.808754,True
606,1773663342.134557,1773663507.226202,1009,419,330.156283,1.367730,0.786575,True
607,1773663343.333676,1773663479.410686,1317,320,272.152590,2.227239,0.846161,True
608,1773663343.433529,1773663402.343479,921,114,117.812578,1.255041,1.031483,True
609,1773663344.311473,1773663509.177996,1157,429,329.723179,2.873047,0.763669,True
610,1773663344.715237,1773663509.135489,1093,425,328.839269,2.177387,0.770429,True
611,1773663344.893788,1773663503.794329,1035,405,317.787723,2.486675,0.780448,True
612,1773663344.903543,1773663500.430435,1009,395,311.038931,2.971375,0.781897,True
613,1773663345.315602,1773663384.117823,482,73,77.595127,0.790283,1.066734,True
614,1773663346.710410,1773663400.121049,401,104,106.820044,1.987798,1.017789,True
615,1773663347.032729,1773663509.178004,1046,429,324.278793,1.519874,0.754110,True
616,1773663348.834701,1773663500.522239,1230,389,303.362253,1.539020,0.777895,True
617,1773663348.925527,1773663398.919565,161,159,99.969905,0.426657,0.630021,True
618,1773663351.970635,1773663461.125869,26,238,218.291566,1.399475,0.915157,True
619,1773663352.072955,1773663504.851256,1108,399,305.535049,1.249673,0.764536,True
620,1773663352.761862,1773663409.189050,378,124,112.834850,1.152085,0.907990,True
621,1773663352.776862,1773663506.799420,1051,410,308.035726,1.871595,0.748568,True
622,1773663354.039805,1773663386.550117,2,93,65.012797,0.343336,0.702929,True
623,1773663354.873725,1773663460.112317,1001,373,210.455118,2.003591,0.560354,True
624,1773663355.164406,1773663513.415081,1059,429,316.479298,1.277592,0.736453,True
625,1773663355.945069,1773663462.265152,996,385,212.630089,2.950247,0.546041,True
626,1773663356.001632,1773663505.415454,1096,396,298.806279,1.634576,0.752333,True
627,1773663356.440137,1773663402.526484,417,98,92.157019,1.480009,0.934815,True
628,1773663358.027215,1773663506.325646,1139,396,296.579316,1.340956,0.747439,True
629,1773663358.697587,1773663370.474005,310,18,23.530944,1.099620,1.319490,True
630,1773663360.232061,1773663480.994104,1027,482,241.522230,1.940211,0.498092,True
631,1773663360.706096,1773663504.542604,1007,388,287.651418,1.338918,0.739826,True
632,1773663360.930821,1773663404.978338,161,150,88.089146,1.749951,0.579458,True
633,1773663362.811766,1773663506.886860,1025,394,288.128445,1.187007,0.730131,True
634,1773663363.103187,1773663512.923148,1044,413,299.624278,2.067430,0.722225,True
635,1773663363.713629,1773663409.742406,404,108,92.056219,1.603431,0.845353,True
636,1773663363.900831,1773663472.856436,1036,425,217.893219,1.974238,0.509243,True
637,1773663364.224408,1773663508.073802,1098,396,287.691398,2.447428,0.722137,True
638,1773663365.090204,1773663410.247176,405,105,90.296477,0.655722,0.861930,True
639,1773663365.285843,1773663521.465715,1269,451,312.346104,2.095924,0.689445,True
640,1773663365.786699,1773663387.626090,788,51,43.667387,2.295569,0.827436,True
641,1773663369.125008,1773663510.630676,918,397,283.001719,1.052831,0.711992,True
642,1773663370.028570,1773663419.569505,206,179,99.080326,0.565565,0.553454,True
643,1773663371.854010,1773663511.053708,1068,664,278.395203,2.009084,0.416872,True
644,1773663374.508953,1773663533.133430,1042,472,317.228915,1.392895,0.670565,True
645,1773663374.585074,1773663401.596669,417,92,54.009607,0.875209,0.583894,True
646,1773663375.491077,1773663413.977919,409,146,76.957856,0.903385,0.524514,True
647,1773663375.590042,1773663509.008329,1002,373,266.835190,1.412302,0.713502,True
648,1773663377.986609,1773663421.758599,942,104,87.538622,1.026061,0.839928,True
649,1773663379.066903,1773663479.397557,983,414,200.647236,1.914840,0.481192,True
650,1773663380.022115,1773663635.067419,1113,1000,510.079025,1.393255,0.509195,True
651,1773663380.402957,1773663468.810528,203,217,176.807495,1.556304,0.811348,True
652,1773663380.822417,1773663403.190771,435,83,44.735215,1.143506,0.531606,True
653,1773663381.775418,1773663385.806576,91,16,8.050685,0.574235,0.498430,True
654,1773663382.224044,1773663515.790000,1071,386,267.116335,1.373425,0.690241,True
655,1773663384.088505,1773663470.914673,167,217,173.650900,0.368288,0.802234,True
656,1773663384.093306,1773663423.957595,200,161,79.714650,0.495134,0.495122,True
657,1773663384.763675,1773663423.220030,181,92,76.906986,0.592747,0.838618,True
658,1773663385.662743,1773663414.899969,181,118,58.468452,0.480046,0.495627,True
659,1773663388.148010,1773663554.705109,1201,546,333.097283,2.387972,0.606806,True
660,1773663388.161413,1773663523.130339,1208,400,269.925638,1.264652,0.673336,True
661,1773663388.970438,1773663413.679025,373,57,49.395595,1.769615,0.850464,True
662,1773663390.455314,1773663485.347916,1005,407,189.769786,1.970241,0.462560,True
663,1773663390.901112,1773663470.093121,130,199,158.376544,0.587574,0.796914,True
664,1773663392.043653,1773663524.216172,1008,398,264.326921,1.268097,0.662617,True
665,1773663392.551425,1773663400.820077,91,16,16.527692,1.192788,1.022327,True
666,1773663393.938457,1773663421.675826,392,109,55.460963,0.820875,0.505927,True
667,1773663394.297971,1773663434.480242,394,94,80.346982,0.584789,0.857658,True
668,1773663395.189601,1773663542.671381,988,466,294.947942,2.452954,0.629021,True
669,1773663395.388557,1773663521.993290,1146,380,253.201994,2.258109,0.662121,True
670,1773663395.875878,1773663491.384072,1091,436,191.010789,2.022468,0.434456,True
671,1773663398.456660,1773663434.663217,379,87,72.407371,0.715132,0.833631,True
672,1773663399.124519,1773663438.757589,411,93,79.254469,0.751340,0.853295,True
673,1773663404.663301,1773663433.694511,396,65,58.055029,0.661814,0.896769,True
674,1773663406.254833,1773663531.847802,1060,396,251.174421,1.196664,0.632855,True
675,1773663406.419120,1773663540.462853,1046,429,268.075979,2.017745,0.621631,True
676,1773663406.492974,1773663441.586810,398,79,70.176152,1.238549,0.883815,True
677,1773663409.765992,1773663436.024999,381,99,52.496131,0.908789,0.526401,True
678,1773663410.792309,1773663542.954984,1117,428,264.317063,1.255086,0.616070,True
679,1773663411.217979,1773663443.661262,383,69,64.865090,1.703868,0.928841,True
680,1773663411.265809,1773663459.311557,403,106,96.084064,1.379687,0.901946,True
681,1773663412.468740,1773663428.880508,377,69,32.819832,0.974440,0.468315,True
682,1773663413.025085,1773663458.172302,403,101,90.277709,0.549716,0.897280,True
683,1773663414.729969,1773663496.492477,1145,396,163.515603,2.184548,0.408433,True
684,1773663415.639343,1773663539.660148,1209,403,248.040284,1.586834,0.613068,True
685,1773663416.357802,1773663549.859211,893,455,266.987239,1.919985,0.583849,True
686,1773663419.572737,1773663542.954670,1036,411,246.760091,1.124871,0.599110,True
687,1773663420.320635,1773663494.811574,203,217,148.960124,0.728049,0.686260,True
688,1773663421.689222,1773663496.600538,200,217,149.821283,0.467192,0.691454,True
689,1773663421.689429,1773663431.161581,299,18,18.921257,0.641057,1.075306,True
690,1773663422.861455,1773663548.927741,1142,436,252.111081,1.369694,0.576417,True
691,1773663424.082539,1773663501.008163,1318,234,153.832164,1.728477,0.652806,True
692,1773663427.635989,1773663435.109398,323,18,14.937378,0.674514,0.838992,True
693,1773663428.399353,1773663547.457566,1023,416,238.096091,1.380079,0.570400,True
694,1773663429.001164,1773663582.358724,1039,593,306.698165,2.101891,0.514521,True
695,1773663430.112647,1773663507.512719,1024,414,154.798211,1.963117,0.370061,True
696,1773663432.542076,1773663488.795072,206,165,112.500396,0.545623,0.682651,True
697,1773663432.734348,1773663459.860610,371,97,54.236976,0.803864,0.556595,True
698,1773663433.652921,1773663452.716989,373,66,38.114392,0.909727,0.572379,True
699,1773663433.906432,1773663453.975894,385,73,40.133263,1.222323,0.540430,True
700,1773663434.371948,1773663489.962611,203,167,111.167863,0.543200,0.666414,True
701,1773663436.116688,1773663482.820680,398,132,93.400737,0.596805,0.708427,True
702,1773663436.585641,1773663510.411575,1241,421,147.650753,2.325234,0.346013,True
703,1773663436.702354,1773663543.468150,1050,374,213.518108,1.355597,0.568800,True
704,1773663438.334026,1773663460.172894,401,86,43.676428,1.379280,0.497613,True
705,1773663438.799294,1773663546.559363,1436,386,215.505912,1.542293,0.555750,True
706,1773663439.740928,1773663466.104207,389,65,52.724768,1.196241,0.805133,True
707,1773663440.861676,1773663461.172101,386,49,40.602264,0.666590,0.831993,True
708,1773663441.013478,1773663555.445204,1069,426,228.841976,1.569001,0.534760,True
709,1773663441.177634,1773663507.141610,212,217,131.905843,2.091793,0.600991,True
710,1773663441.325214,1773663544.604743,991,373,206.541546,1.893353,0.550130,True
711,1773663441.704479,1773663479.546288,181,112,75.661846,1.616893,0.667072,True
712,1773663443.837833,1773663488.118657,395,142,88.555889,0.693876,0.623135,True
713,1773663447.685235,1773663519.295005,1007,451,143.218143,1.945333,0.313940,True
714,1773663447.808304,1773663478.182528,395,91,60.726491,0.695335,0.667013,True
715,1773663450.274387,1773663460.568715,324,18,20.572680,0.672753,1.170584,True
716,1773663450.440052,1773663500.609016,200,167,100.322404,0.362355,0.602169,True
717,1773663450.550313,1773663483.956496,397,103,66.811163,0.915706,0.646034,True
718,1773663450.868466,1773663472.135761,452,101,42.533111,0.882307,0.416508,True
719,1773663451.473331,1773663480.998087,391,93,59.048206,0.546457,0.635889,True
720,1773663451.899917,1773663560.896504,1061,429,217.983652,1.332572,0.506194,True
721,1773663452.512464,1773663551.739468,1007,379,198.452576,2.015341,0.519675,True
722,1773663453.487866,1773663483.594763,398,99,60.202133,1.316155,0.600877,True
723,1773663453.580107,1773663555.520357,913,398,203.865021,2.143153,0.508116,True
724,1773663454.189662,1773663517.153790,999,412,125.912714,1.923764,0.301676,True
725,1773663454.447360,1773663479.818367,385,84,50.730252,1.415665,0.594152,True
726,1773663456.182848,1773663557.972314,1161,408,203.558199,1.245514,0.497083,True
